"","Date","third_MVP_top4","third_MVP_bottom4","third_maxSR_top4","third_maxSR_bottom4","third_EW_top4","third_EW_bottom4","third_InvInef_top4","third_InvInef_bottom4","third_MVP_top8","third_MVP_bottom8","third_maxSR_top8","third_maxSR_bottom8","third_EW_top8","third_EW_bottom8","third_InvInef_top8","third_InvInef_bottom8"
"1",2022-01-01,0.0615417961050753,0.0259186911695741,0.030106405895415,0.0233470992370035,0.0410203614300428,0.0239047947632307,0.0558897124769391,0.0232420540478451,0.0451416399489497,0.0306585473849028,0.0257736164581865,0.0284666610568005,0.0360777210916929,0.0305932807735576,0.0344567373056923,0.0283399319716524
"2",2022-01-02,0.0395824312470481,0.0389000914245465,0.037987306080403,0.028962319686447,0.0405152281245336,0.033659718231642,0.0403879308266968,0.0285281320577904,0.0385150448925038,0.0249068494312938,0.0389558690928431,0.0340212187918201,0.0479310946016074,0.0427742657487307,0.0461883409007433,0.0395721299520839
"3",2022-01-03,0.00632301365869847,0.0242914021199598,-0.000332078689783355,0.00963779159889588,0.0120905415425567,0.0150356931854461,0.0100656449271961,0.00572702381596746,0.0144483440175929,0.00630994043387001,0.0132675212146272,0.0132971571369738,0.0370764524920091,0.0257520419560249,0.036648223697954,0.0214380679988477
"4",2022-01-04,-0.0215055802574176,0.0222809046674914,-0.00941067329238521,-0.000203280000631412,-0.00891812086669608,0.00899024106833135,-0.0169843442937546,-0.00594322857177088,0.00133758097868197,-0.0035008558471501,0.0157051228972296,0.00178327875148643,0.0237848095128674,0.0184553051242975,0.023377458697335,0.0162484412266155
"5",2022-01-05,-0.087787028928013,-0.0540700262068681,-0.0748641633315085,-0.0759002635337112,-0.075629638833107,-0.0647064801748658,-0.083712488043865,-0.0800181941353788,-0.0661320520439863,-0.0568660643084732,-0.051609126796416,-0.0606811366496519,-0.0224174228832651,-0.0460193908178447,-0.0244340281214958,-0.0465097105610419
"6",2022-01-06,-0.0987052876065884,-0.0387978678496447,-0.0783370611869612,-0.0150219649813805,-0.0824667986862826,-0.0332687236723904,-0.0933777230715997,-0.0173625194594734,-0.0866635457990718,-0.0661102981308824,-0.0762651615856774,-0.0179608848337248,-0.0315481737816017,-0.0339486746297204,-0.0322639338484787,-0.0431789457400023
"7",2022-01-07,-0.142434900721584,-0.0778603048280661,-0.129362907699834,-0.083431326889589,-0.112446777392266,-0.0815239119401177,-0.128815959152575,-0.0840167588992782,-0.1377181404056,-0.10378452892288,-0.135009863870848,-0.094301729407658,-0.060120081512072,-0.084435438568057,-0.0617619014909948,-0.0872512194764635
"8",2022-01-08,-0.182161639069402,-0.0913219361903441,-0.164151769861343,-0.105107050098818,-0.133066634187266,-0.0988411769308476,-0.159059138502331,-0.107014548177777,-0.172721570261499,-0.103355455242238,-0.165283806819394,-0.1163956267377,-0.0845483279482622,-0.102003896238312,-0.0871362234078114,-0.104546369825301
"9",2022-01-09,-0.161279904790552,-0.0801893890124896,-0.147704539463213,-0.101742562727452,-0.119456492636619,-0.0918953244329105,-0.141216915140253,-0.103306110802293,-0.154065763801821,-0.0977669393003485,-0.148121908764044,-0.110369453786097,-0.0610659103638355,-0.0907205602125385,-0.0648358600011907,-0.0953998723818498
"10",2022-01-10,-0.193945543345052,-0.117503437045967,-0.175079655720852,-0.144358909729439,-0.148670156941354,-0.13002395345855,-0.172539939220624,-0.140815234292629,-0.182298799868197,-0.103713210895619,-0.170995741167657,-0.144158659923124,-0.084676045000612,-0.123188085781653,-0.0895130013825146,-0.130141378345386
"11",2022-01-11,-0.145112351913349,-0.0745052789504161,-0.10337338744394,-0.101456484992334,-0.11199422101674,-0.0868576506727289,-0.132991093409095,-0.100666135765519,-0.142499852598281,-0.0837394165952796,-0.119177458632253,-0.110390777284186,-0.0650218794877762,-0.0902773054825045,-0.0705823407284345,-0.0932586322367531
"12",2022-01-12,-0.111896111260857,-0.0333256102241322,-0.0590485408444966,-0.0553765714110606,-0.079263338694761,-0.0441219698386299,-0.101845381488192,-0.0566045635545808,-0.109096739801015,-0.0557088523384465,-0.0805919104929136,-0.0640938259942312,-0.034634330512804,-0.0445766908929703,-0.0394191213876436,-0.0480956619321159
"13",2022-01-13,-0.0692657176112316,-0.0652048448620883,-0.0824845337131626,-0.0774726188131827,-0.0687635786745959,-0.0676489048517989,-0.0655786889056543,-0.0879095825784939,-0.0960410029209258,-0.0878539656663729,-0.110813065449692,-0.0893246194272731,-0.0509401509970229,-0.0793941960592413,-0.0552095555423739,-0.0653158930595861
"14",2022-01-14,-0.0372895249376136,-0.0457522144522416,-0.0542598391646013,-0.0448271041384565,-0.0439583712996083,-0.0416760576613995,-0.0375481787210498,-0.0616616686940917,-0.0741679010543504,-0.0753585703346579,-0.0901674433751587,-0.0569627293170685,-0.0261406978608181,-0.0591531750703724,-0.0327877090442183,-0.036382177358096
"15",2022-01-15,-0.058088917477641,-0.0291386800259567,-0.0444264948828929,-0.031554127125612,-0.0440466470002978,-0.0275071247302946,-0.0526938196927295,-0.0498757922362876,-0.0863276862132378,-0.0726952934357846,-0.0831189499005701,-0.0457803332756915,-0.0260075501819642,-0.0532702325163846,-0.0333543411753136,-0.0288811919712608
"16",2022-01-16,-0.0449199712200884,-0.0398638493747332,-0.0378085785032325,-0.0322675791556614,-0.046074008802294,-0.0357706987966937,-0.0459426274184819,-0.0448303676418537,-0.0717125829861857,-0.072295990804138,-0.0772423433060679,-0.0342109937858304,-0.0230043941182341,-0.0516587064130551,-0.0260535188968172,-0.0372621147147694
"17",2022-01-17,-0.0851147008212436,-0.0748414664266097,-0.08269936234117,-0.0823948094266453,-0.0801987347303343,-0.0751971485555845,-0.082281661870326,-0.0919982555432902,-0.101953824902369,-0.0920913742969823,-0.117740484918825,-0.0737829434217223,-0.0566418253939668,-0.0814702937201064,-0.0524858788962549,-0.0664541463492925
"18",2022-01-18,-0.105074529443638,-0.0893682825246578,-0.0898618745561172,-0.101797848552984,-0.0942536615869497,-0.092431069890539,-0.102893611492533,-0.109407398593533,-0.129111737891028,-0.0913783066457547,-0.128697442831219,-0.0949307551319841,-0.0742286062635805,-0.0951897750508155,-0.0776349806174422,-0.0838611517695744
"19",2022-01-19,-0.122918496699845,-0.1128921383699,-0.107756977133204,-0.13077744409743,-0.120655224457778,-0.116999776899398,-0.124784256365575,-0.137251840435026,-0.140306027777546,-0.106099734045483,-0.146991996011476,-0.12089107690659,-0.100511926734827,-0.118517229065759,-0.0969730583321902,-0.105281192850996
"20",2022-01-20,-0.17921605281966,-0.147223101059898,-0.152851615052902,-0.168390022507273,-0.175508445142728,-0.152172798472814,-0.181479425924045,-0.171929984814414,-0.177923786353661,-0.130587264564939,-0.179696848737751,-0.154909163720011,-0.146753620275025,-0.154736934532441,-0.138537310474594,-0.142034657070939
"21",2022-01-21,-0.269206764137082,-0.267227889219654,-0.270249194841785,-0.287066041428394,-0.2800707661159,-0.267882900572147,-0.275323180076388,-0.291251779181019,-0.280788591905927,-0.230342639934867,-0.304357395594289,-0.274148092169171,-0.258674107337492,-0.271303459831586,-0.247994527829123,-0.251087578094835
"22",2022-01-22,-0.342097621312401,-0.34712661819392,-0.319438385853668,-0.357381986243912,-0.341389409778267,-0.339994587544647,-0.345842050958792,-0.355466907602273,-0.342750366433691,-0.268041097926728,-0.348709836069559,-0.343990594223012,-0.319070175497976,-0.337942511671206,-0.30913128360926,-0.318621906237899
"23",2022-01-23,-0.313918298672934,-0.316697899649775,-0.27203865416745,-0.325778126090212,-0.313073475177624,-0.307323729149252,-0.320147487850598,-0.323814486151027,-0.316838464119863,-0.242234525416835,-0.310316519907381,-0.310438747705668,-0.291987487460982,-0.308327971908007,-0.284462273343408,-0.285236638482433
"24",2022-01-24,-0.348337344140326,-0.345268188599688,-0.29625164909918,-0.34797280104037,-0.341928985785189,-0.33240354156313,-0.353112065436206,-0.344009983840608,-0.349036159306873,-0.237834691305733,-0.335322291503694,-0.32837492589531,-0.322824047936185,-0.32664910628517,-0.316373151659435,-0.305589488143351
"25",2022-01-25,-0.346882123859318,-0.340296361426612,-0.271580370354947,-0.336182171549218,-0.345253319543118,-0.323295064254328,-0.357327868999876,-0.333703861144119,-0.346590464634711,-0.23183819882535,-0.323883969198306,-0.31322358175891,-0.322939254806687,-0.320221466940437,-0.314518199552505,-0.295055671742809
"26",2022-01-26,-0.341646753431173,-0.294622695392932,-0.288556328185862,-0.304156798974001,-0.344451997281694,-0.288881701211414,-0.351635852028956,-0.308456539655564,-0.340731990840833,-0.229743705989606,-0.327899026585264,-0.295633887914069,-0.323743262586554,-0.29825048873284,-0.314958421632887,-0.274674099813316
"27",2022-01-27,-0.343664870700053,-0.312975956209337,-0.261929241446937,-0.305459116436587,-0.344108395494409,-0.300304042935357,-0.356275213257369,-0.308522787599909,-0.348684092357127,-0.225422743388774,-0.326093184079342,-0.294830130603125,-0.32553283909986,-0.305653939340779,-0.315926771785304,-0.285447386308488
"28",2022-01-28,-0.331228025354074,-0.301132344072307,-0.269555635963922,-0.294456774988099,-0.33071018840208,-0.289982141048162,-0.340953696727105,-0.298560009393493,-0.327333524743212,-0.210921835887936,-0.308316532366612,-0.27861361820679,-0.305319724266991,-0.291129635040961,-0.297089140715053,-0.272656293941242
"29",2022-01-29,-0.31884839088526,-0.299746947518473,-0.263807859833861,-0.283548409294282,-0.316322975757705,-0.284235557679883,-0.326300934926785,-0.286811990338824,-0.309471281040869,-0.202483894744966,-0.297889030558136,-0.258974014412431,-0.291102039994324,-0.279389651556397,-0.278512801457235,-0.262190891605263
"30",2022-01-30,-0.339545784904204,-0.317832927608797,-0.285931582106671,-0.279211924386146,-0.334819230250819,-0.293759255455511,-0.345968622050428,-0.280564952748419,-0.322101248339873,-0.208304873586082,-0.30470711663346,-0.254546537238978,-0.29601583914126,-0.290253729808291,-0.285597717412201,-0.277605156516064
"31",2022-01-31,-0.338770667256756,-0.299574659742516,-0.290351309233482,-0.234225429399333,-0.328988472831003,-0.265570658894271,-0.34230671045019,-0.233567929083663,-0.313415313553744,-0.194908122376377,-0.292167627724746,-0.21008919020714,-0.294377917501468,-0.264208143205244,-0.284444424302464,-0.257239781410393
"32",2022-02-01,-0.331115252580171,-0.30464650409294,-0.271357552646978,-0.254900727573261,-0.310890458034397,-0.274507829859345,-0.331230065847971,-0.251890644551903,-0.301120749780126,-0.189921171634336,-0.268161776902718,-0.21961333148843,-0.281406169868937,-0.26616724710178,-0.273318024794856,-0.255686935966715
"33",2022-02-02,-0.34639221469105,-0.334599563796292,-0.306183558902377,-0.290374271797134,-0.325559387625665,-0.306970680681441,-0.343514930705531,-0.288363941937735,-0.320517565082043,-0.227513894987768,-0.299426014357612,-0.254723561375499,-0.304711870585097,-0.2978921636927,-0.295849850231756,-0.286389270170571
"34",2022-02-03,-0.333041962265846,-0.326592594699015,-0.299774859206696,-0.272181634032718,-0.308215287468397,-0.295503998088296,-0.32798440784605,-0.269213925430649,-0.315543927573502,-0.223215825779638,-0.297761603848209,-0.238804429331994,-0.291987914700411,-0.289659060673815,-0.284685227931719,-0.280942536833802
"35",2022-02-04,-0.270301835426188,-0.280141265601376,-0.24854775957319,-0.228278189036542,-0.253755175258391,-0.248779951381534,-0.267758888301135,-0.224265863951827,-0.245658946043992,-0.139942129766234,-0.230799168674293,-0.188772190650839,-0.2334229258816,-0.236627190549181,-0.225462916314556,-0.226984086588471
"36",2022-02-05,-0.255570828717741,-0.252433099195243,-0.220509315201633,-0.192545499951263,-0.230694506295852,-0.221071111535049,-0.249617895132995,-0.188900555901181,-0.23436535345534,-0.139249437628316,-0.215602025882967,-0.162038734250448,-0.214115283505311,-0.218158329723528,-0.207131514723935,-0.214278424079001
"37",2022-02-06,-0.239678777554474,-0.217312572874094,-0.210505519219725,-0.137228632375989,-0.207087413355415,-0.179566137367939,-0.228595908391212,-0.136550389096223,-0.219080942155888,-0.119211370091306,-0.204890658748799,-0.118240288872438,-0.196004564104616,-0.186952336424174,-0.188150915954297,-0.18528835246428
"38",2022-02-07,-0.19542692767457,-0.143489808718663,-0.185173751851552,-0.111483874217951,-0.163489720151793,-0.11735757901985,-0.183050618890596,-0.0932795293084696,-0.187766322156156,-0.0891314084223397,-0.181774712233383,-0.0953207735590513,-0.157889387843078,-0.137106881208415,-0.153649559257698,-0.129011097279213
"39",2022-02-08,-0.224571485653487,-0.136888385481348,-0.232508351410168,-0.106667226888873,-0.177599893918435,-0.10967736206728,-0.20190362635581,-0.0720268827115155,-0.202832526116665,-0.0845503710190425,-0.202015432095684,-0.089229587754395,-0.170867816240816,-0.130618644537741,-0.165510467333192,-0.133645073799466
"40",2022-02-09,-0.194435022168406,-0.11429071745212,-0.207226159008709,-0.108240265938698,-0.16509563133175,-0.100245420643076,-0.181288825454299,-0.0808374900429805,-0.175641012546076,-0.0782355385513346,-0.173739559297885,-0.0931449437395434,-0.154282311081213,-0.126060548142495,-0.150485221150211,-0.12537699565656
"41",2022-02-10,-0.209841803230413,-0.168446202195507,-0.221139974697499,-0.162390151363349,-0.171172931621376,-0.153120509252412,-0.192825048957052,-0.134610409958975,-0.205837701183079,-0.0960903868867677,-0.206573228074673,-0.132525141150265,-0.172653552079523,-0.162545743126718,-0.170674383579114,-0.161933129496336
"42",2022-02-11,-0.251550153256409,-0.23962289164896,-0.249220713683602,-0.221506170392769,-0.218305994576297,-0.219130645863493,-0.239093720861273,-0.198907466188665,-0.250674456469762,-0.125058621854063,-0.242368668882087,-0.191492707108184,-0.223582715465549,-0.222142748647206,-0.223464606495292,-0.218756219128712
"43",2022-02-12,-0.243590881527273,-0.224128181442589,-0.243672577365487,-0.227394475343886,-0.217428352399728,-0.207987980624612,-0.233474978385092,-0.191477563440393,-0.245474353135456,-0.12873839174202,-0.242066887800175,-0.194021507679185,-0.223353140697017,-0.216321044492525,-0.2228721124096,-0.213363702179894
"44",2022-02-13,-0.239693133597699,-0.22983995618046,-0.252157166656333,-0.23026265151673,-0.211807085510771,-0.211590115884706,-0.227721016464628,-0.199004721445796,-0.246739920408667,-0.129985757730048,-0.25079881984577,-0.195823481347713,-0.219793657074354,-0.221969318371359,-0.219760627614115,-0.212344347715595
"45",2022-02-14,-0.23907769317899,-0.237834100295036,-0.243267374970979,-0.23674006331065,-0.211809004992487,-0.219618643277809,-0.227401330945946,-0.204931716912992,-0.237934082882559,-0.121919393080217,-0.239331602683319,-0.194492218872647,-0.217848090509209,-0.222561024426926,-0.215041230191723,-0.215593414487666
"46",2022-02-15,-0.201498900309946,-0.173742865233419,-0.191203207494051,-0.153727976615028,-0.17017309684467,-0.150916900478417,-0.190183910786899,-0.120022387313195,-0.195342180408057,-0.0803187215705801,-0.181182487561316,-0.123629904450915,-0.174511596974842,-0.168182285041075,-0.174702884615576,-0.168811077822443
"47",2022-02-16,-0.216423223635947,-0.178681960139109,-0.199645389389267,-0.164018020894683,-0.184474138641855,-0.159446170864151,-0.205088562915349,-0.132161043116335,-0.206726564642304,-0.0902682850223852,-0.19294484480398,-0.12745188962431,-0.187084143891494,-0.170485837198768,-0.1843974279235,-0.171919288367049
"48",2022-02-17,-0.282429764798737,-0.24044809670605,-0.248759469358355,-0.218338876884748,-0.256331992628004,-0.220532980490561,-0.276007237297551,-0.191885529057175,-0.27024965835917,-0.163954327550892,-0.253246363702026,-0.183635108684077,-0.254535336538646,-0.234467687842513,-0.248727268687936,-0.236007076751459
"49",2022-02-18,-0.293029435748237,-0.234620927655639,-0.254154801452746,-0.230275307502624,-0.269826498386496,-0.220378130152809,-0.28892993617495,-0.200691902919117,-0.283999461942993,-0.173019154661922,-0.271345489076899,-0.195058506185073,-0.265911440002597,-0.235132277312317,-0.256932725141062,-0.234168091447443
"50",2022-02-19,-0.291540442119471,-0.230731195121031,-0.253278006353915,-0.241735511330956,-0.265897251172693,-0.218452951967013,-0.285720775350644,-0.20495875276412,-0.283735590835224,-0.171555175628185,-0.274703803083302,-0.197446124458978,-0.262007375569048,-0.231675240630682,-0.251796213405497,-0.227270891862687
"51",2022-02-20,-0.325311737125972,-0.266646478159914,-0.290025286402907,-0.280934952242934,-0.299191030621228,-0.256396963390247,-0.318671186486557,-0.24916782992762,-0.31506113371236,-0.207255925182601,-0.31080427087304,-0.23780063304531,-0.293383740119734,-0.267819512076062,-0.281064462203321,-0.26024004549478
"52",2022-02-21,-0.363638481681951,-0.33217447182376,-0.336578424868759,-0.336193398897793,-0.347397142372473,-0.319190027357689,-0.360305753912224,-0.311107790053137,-0.33863285910982,-0.237349816690596,-0.336607959898124,-0.287207215029869,-0.335545078746431,-0.319324490000805,-0.320005821765697,-0.310836947918517
"53",2022-02-22,-0.340700816697645,-0.307424222645056,-0.304534243917832,-0.306299703142547,-0.321425214739825,-0.293209635747853,-0.337631553468806,-0.281039775436134,-0.318671378524976,-0.212372386405447,-0.314452506021576,-0.256542689831213,-0.310318651813041,-0.29395403185407,-0.293708364894947,-0.287738507262456
"54",2022-02-23,-0.349407015945437,-0.314904331715776,-0.319122802461521,-0.317091588753984,-0.335785314641137,-0.304606229218223,-0.348789211632294,-0.295595833360374,-0.331319806997268,-0.231878375555742,-0.327844839393359,-0.26940388356184,-0.326810813132364,-0.307330457512399,-0.312214918097724,-0.30212657945924
"55",2022-02-24,-0.356901375722287,-0.314326557951084,-0.329058693846555,-0.319317008763322,-0.333177999814865,-0.306746125520751,-0.350667264214885,-0.296628472556807,-0.333917725312825,-0.213538999979393,-0.330116443443523,-0.280147067336873,-0.322698910985346,-0.309027656784127,-0.309123282736302,-0.308515045812293
"56",2022-02-25,-0.329140583484558,-0.257787573066595,-0.304119051596819,-0.28159527960393,-0.304372626061397,-0.25750672220952,-0.322302422641828,-0.251546608627131,-0.3098923033674,-0.193103643760445,-0.29448507983326,-0.240065608848008,-0.297563086825599,-0.269962305307703,-0.292559431867686,-0.271415247361246
"57",2022-02-26,-0.316579900587908,-0.230896056111531,-0.306480334263788,-0.269927063495571,-0.293004187783976,-0.242278441321595,-0.308673784948833,-0.249695497498077,-0.302530658363429,-0.192431849766512,-0.29259642247849,-0.237109148316247,-0.287590932076985,-0.259906272721268,-0.285118253889338,-0.261070261361253
"58",2022-02-27,-0.346679131605218,-0.275579524161393,-0.331251190361762,-0.307899997754487,-0.325473848892915,-0.282253421063678,-0.340401903687088,-0.28623620325923,-0.334833454380265,-0.220508618870749,-0.328564152184487,-0.267758714130601,-0.320797846740143,-0.288734458768847,-0.315473179841364,-0.288648611649694
"59",2022-02-28,-0.275919392568916,-0.143532693664341,-0.269155384557831,-0.205374956021275,-0.249332082120885,-0.172105571996563,-0.265556408347325,-0.194601838000052,-0.2670852682174,-0.11465620963672,-0.259903559614207,-0.191048494158263,-0.251020281614306,-0.200578500913946,-0.249841977332029,-0.204250459533132
"60",2022-03-01,-0.252392356796096,-0.117083337619413,-0.24575807077219,-0.190610891897492,-0.234173840519241,-0.153533489527345,-0.246013765479195,-0.184046242449646,-0.248985507595831,-0.0925405677188769,-0.242882317813498,-0.185883149198417,-0.242448651655529,-0.189695652231895,-0.240449948699459,-0.193867556481496
"61",2022-03-02,-0.255298301574083,-0.117330147442114,-0.244798523623471,-0.198659223410368,-0.228569077644682,-0.158699548755017,-0.244216517047709,-0.19650946085113,-0.252340991596573,-0.100974644961108,-0.246225224915886,-0.199888175291832,-0.243771916169509,-0.198686077048632,-0.24078588035885,-0.200909106756312
"62",2022-03-03,-0.26851154966103,-0.122744130097772,-0.256803086059502,-0.215143213069876,-0.228337986421105,-0.170320278683167,-0.251236828190773,-0.215479814598288,-0.276968348000229,-0.130435260461535,-0.269873573924761,-0.225538883845977,-0.253711643759264,-0.217221688271374,-0.254039146415266,-0.218625401434955
"63",2022-03-04,-0.324927234222577,-0.148838450942537,-0.310919068633966,-0.249839608338512,-0.293571937576221,-0.202259978145286,-0.312181516559161,-0.254003828654246,-0.32633153141543,-0.198545665466435,-0.326268378251197,-0.271826982227588,-0.310919453689937,-0.259964282463606,-0.304216601726201,-0.260255439490367
"64",2022-03-05,-0.305088652642765,-0.15560920989225,-0.291692722990942,-0.249132779473183,-0.281900585902315,-0.200242363077686,-0.296324982144875,-0.242005910042828,-0.306872660363444,-0.194280965352025,-0.311683992546655,-0.259045487081384,-0.297174515893758,-0.253240025153055,-0.287321962271895,-0.253612867253851
"65",2022-03-06,-0.331046738888337,-0.160376343452144,-0.310075367846811,-0.267122755232591,-0.315972522900646,-0.213709510011906,-0.32749753346959,-0.265767541960132,-0.332579420235599,-0.213522040799434,-0.336567295540705,-0.284138394212881,-0.327328358054213,-0.270885937047561,-0.315584647385123,-0.270662289945736
"66",2022-03-07,-0.332240832371101,-0.081332590040004,-0.298526946241287,-0.234910929964589,-0.313472482476877,-0.165787842950724,-0.328090084888606,-0.246870874072308,-0.339652873452144,-0.216222874496722,-0.341901278929384,-0.285785851190974,-0.334320416318248,-0.252541401811862,-0.320910749162236,-0.25530610709771
"67",2022-03-08,-0.238122296877472,-0.0850247797350386,-0.29738738463755,-0.23329077742263,-0.22746629548476,-0.167167499864686,-0.223112853387338,-0.244970714160907,-0.271190954109668,-0.203434443693546,-0.328802882310882,-0.279925793436674,-0.28125593091412,-0.248517832224793,-0.267697579874558,-0.252619982909265
"68",2022-03-09,-0.262440815342589,0.0469853985933302,-0.276366870368201,-0.152635793445691,-0.226410358694083,-0.0684210986768616,-0.241719729533015,-0.177299802288937,-0.275953662656651,-0.137143642550054,-0.297046397691658,-0.235558401724057,-0.263936602260328,-0.177725828825912,-0.256211271412078,-0.186203399579254
"69",2022-03-10,-0.301168541512323,0.0069509856936556,-0.316824955785277,-0.18921005290029,-0.231074530318204,-0.105778741743549,-0.261559294542177,-0.213344136492274,-0.307005124966716,-0.189155756897127,-0.3317723709138,-0.268617106158783,-0.281888105214588,-0.21482323436707,-0.270939740101811,-0.221350367037553
"70",2022-03-11,-0.321106883782087,-0.0119120786931726,-0.316788243020724,-0.220618167302108,-0.248145941919356,-0.120782115315474,-0.2831474366459,-0.225265543617014,-0.322928469468856,-0.203865091535926,-0.339723231575766,-0.282709949093843,-0.292489357596877,-0.223259926926141,-0.279698297823,-0.229434337040175
"71",2022-03-12,-0.2911345406139,0.0050772560513026,-0.315779352315153,-0.207655574952766,-0.238940402269906,-0.109603880529093,-0.259437931639191,-0.2190518660976,-0.303753544633064,-0.200336914850029,-0.336899294130822,-0.279859836983195,-0.286904716729977,-0.216327540168666,-0.275180847714803,-0.223898873453763
"72",2022-03-13,-0.321467357647395,-0.0112042775735964,-0.336049071495232,-0.222590793372035,-0.253326412559486,-0.126666356752847,-0.282603197413894,-0.236503157603292,-0.324516407463317,-0.221148371674953,-0.353313898585978,-0.295017663045397,-0.302047561927874,-0.234357692989196,-0.287705672725466,-0.241863591518116
"73",2022-03-14,-0.293448440773255,-0.00673871534871207,-0.31506296496655,-0.214343696401733,-0.245917690490166,-0.119333981153234,-0.264448764902176,-0.226402484862889,-0.301649938461143,-0.187781170389572,-0.334314714421149,-0.282349449650177,-0.288698798103588,-0.222045063021113,-0.275084992037066,-0.229723463195204
"74",2022-03-15,-0.299795987130332,0.0134886728409991,-0.318445830796005,-0.207657103034093,-0.269478319186029,-0.108471211080725,-0.280764751379698,-0.225023939097768,-0.301285652627316,-0.193065955068403,-0.330761543187184,-0.284766794130898,-0.297176816387863,-0.218663899380358,-0.282456281067369,-0.227145479737842
"75",2022-03-16,-0.2728847556955,0.0512593285895311,-0.293418973225122,-0.163073608018231,-0.222590385229044,-0.0697874299177437,-0.243061853003229,-0.180792576247362,-0.274631020570989,-0.158594356626959,-0.297821947757114,-0.251651284896884,-0.259950383573393,-0.18878829854541,-0.249910658813273,-0.200502389228818
"76",2022-03-17,-0.274429660950352,0.041914493782425,-0.281983992186397,-0.175353745738121,-0.224984533326369,-0.0789915945965737,-0.246742153293879,-0.191620448070387,-0.272365183558289,-0.162739390529433,-0.286847555052792,-0.260902123084423,-0.262774665565567,-0.194326855665341,-0.25270478547907,-0.205027025707233
"77",2022-03-18,-0.252059522592574,0.128360271241716,-0.271379131339813,-0.124424574299167,-0.183301106967133,-0.0176005728163013,-0.212261765049467,-0.15581869283177,-0.247072681588771,-0.142030239440312,-0.262360148270419,-0.241166596791941,-0.230538493065534,-0.158884007809442,-0.223113993181594,-0.169864216529264
"78",2022-03-19,-0.221893555034698,0.139228029926233,-0.26735913551249,-0.110814909685161,-0.130655997481957,-0.00385749204586616,-0.169769844419782,-0.140277906676985,-0.243068330956415,-0.133846801893366,-0.26077596638852,-0.225061685838424,-0.19837287939859,-0.144293321917345,-0.20364867045318,-0.154095022237143
"79",2022-03-20,-0.214856073406779,0.122871644147369,-0.284188126654777,-0.135091149339769,-0.121524822297576,-0.0235853790569395,-0.16145342591021,-0.163828926028564,-0.25819168991237,-0.15300300209102,-0.280901183604184,-0.249131109350313,-0.199985495255375,-0.162294014718382,-0.213178045984551,-0.172659173084701
"80",2022-03-21,-0.216836320023964,0.136629298984815,-0.273858404841566,-0.132769802353904,-0.106952839940839,-0.0130471625342674,-0.156335945304343,-0.155850608615166,-0.256449210409358,-0.1559146843168,-0.271172696301166,-0.248325275232009,-0.186160432169601,-0.154138739742154,-0.200718694089999,-0.165729312302319
"81",2022-03-22,-0.178095716947541,0.141598681690538,-0.259602797218915,-0.12360079924732,-0.0665423180026498,-0.00631469734117895,-0.117829683524605,-0.149098610958111,-0.241549500895101,-0.13185252038332,-0.254061098090554,-0.23940259388749,-0.147888616220491,-0.14379514857267,-0.176947101437188,-0.154246124695687
"82",2022-03-23,-0.171401406020867,0.140847763124035,-0.251769955329765,-0.102390682562783,-0.0546248809863894,0.00374768566041173,-0.107663909981913,-0.129905897554593,-0.228399670593345,-0.121181587226245,-0.241969209192804,-0.215847993269583,-0.140096006414112,-0.131575380480416,-0.165507639795194,-0.138829045518539
"83",2022-03-24,-0.141299146981978,0.139257037983798,-0.241729618306151,-0.0798845231626761,-0.0101480847847787,0.0142199716580993,-0.0685421882668299,-0.107835875519342,-0.208666068094638,-0.101857038832525,-0.226071022984971,-0.190697888942699,-0.110940631596525,-0.118861127042277,-0.141131541129793,-0.124304084882783
"84",2022-03-25,-0.153448496614908,0.12296770376573,-0.24783302275607,-0.104532575859961,-0.0146013246418716,-0.00644293158444842,-0.0774076306481336,-0.132475263276975,-0.217232934419085,-0.095899498464022,-0.228474909814739,-0.212161336515325,-0.118790762536319,-0.132936480825395,-0.150274113662226,-0.140535030696113
"85",2022-03-26,-0.139532578409682,0.160825125558678,-0.238534651608745,-0.0760032533480592,0.0027858872297053,0.0245213423815227,-0.059737158401541,-0.110559564941316,-0.19955520811186,-0.0905681793816979,-0.219278527528696,-0.196156123545021,-0.105707809765314,-0.113042282145411,-0.132368304844232,-0.1183988463127
"86",2022-03-27,-0.111819199816413,0.17462760292768,-0.212298828871686,-0.0507490682375128,0.0301411377396303,0.0457790524445707,-0.0318611489851827,-0.0846222060695933,-0.1659303451624,-0.0444317230873971,-0.186436216814298,-0.165778523769469,-0.0731781493434022,-0.0755515288761699,-0.0984285158448283,-0.0795631122097341
"87",2022-03-28,-0.115831559383499,0.35330117872319,-0.212500126691848,0.0376508219184073,-0.00323231126354162,0.163363126886766,-0.0519529162776974,-0.0255400877008402,-0.16195880036847,-0.026189632673244,-0.179271200219643,-0.139163294295758,-0.0928030120448005,-0.00985787460290766,-0.115272838947477,-0.0185840459085018
"88",2022-03-29,-0.090159227817781,0.480881536004703,-0.204997467334086,0.112929260192156,0.0239684948087477,0.25202834135897,-0.0237358246104592,0.0252867269900967,-0.14479904410219,-0.00731571335735548,-0.166124909498944,-0.0855029096779035,-0.0727100095323069,0.0525074571290856,-0.0995836985819663,0.0417092760483309
"89",2022-03-30,-0.0852970116538753,0.508809326930437,-0.190188000414562,0.125965103137516,0.0221097436106019,0.269981160429149,-0.0240738104193255,0.0346937417506965,-0.137945026596698,-0.0145394383292794,-0.163566319078261,-0.0893011298975497,-0.065413561679342,0.0565830104451324,-0.0861131930636898,0.0441855847760857
"90",2022-03-31,-0.122508404535616,0.529263433872216,-0.215759224824613,0.129839549707871,-0.0290957652653531,0.274551156928272,-0.069686143747365,0.0246736518126971,-0.160903041958404,-0.0434399693756501,-0.189694167486939,-0.110211879825477,-0.093612485788175,0.0421930756379301,-0.107036654325839,0.0281045027183704
"91",2022-04-01,-0.102437232231727,0.492213176256582,-0.184081454666319,0.115660522584887,-0.00532726185158028,0.254143495008386,-0.048453797448796,0.0190643514565927,-0.132186670019909,-0.0307268977950008,-0.151921208414891,-0.103526802798257,-0.0746874824192266,0.0415988405726928,-0.0866024204954701,0.0293505414198962
"92",2022-04-02,-0.127047702871908,0.423431940511434,-0.201886170429065,0.0744590601515172,-0.0383145250373444,0.205076857124539,-0.077998546861632,-0.00976738685894374,-0.145374022561343,-0.0442621238327593,-0.159002310564807,-0.12211786352764,-0.0944267001614983,0.010149675963133,-0.105767270738611,-0.00234193636222291
"93",2022-04-03,-0.105198784939651,0.39980762474637,-0.177796381333459,0.0758916926625945,-0.0170948756581532,0.198673517816168,-0.0570990376337994,-0.0023497772123775,-0.129706425299429,-0.0332629533030531,-0.137989047883102,-0.10147846720952,-0.0762162261624817,0.0182311095557413,-0.0914113561871557,0.0102059519306037
"94",2022-04-04,-0.0960975363724963,0.135364088272733,-0.182979411467058,-0.0694095743048695,-0.0218273401111089,0.0181350262505315,-0.0534353899110093,-0.106460724984406,-0.129412636995093,-0.0454567876772731,-0.14009591658777,-0.145170951449069,-0.0868104967901221,-0.0736547958440389,-0.106285044419211,-0.0729586074687515
"95",2022-04-05,-0.106922095683956,0.0632344304262145,-0.187281026471594,-0.0893656817870361,-0.0509791401976787,-0.017195998705391,-0.0735356508288669,-0.12658624193619,-0.143587184525145,-0.0713076039722955,-0.159574518784608,-0.144170513626573,-0.113868523912863,-0.100488925269975,-0.129208529386332,-0.0749041086346771
"96",2022-04-06,-0.167267300187433,-0.020436711468086,-0.23429230770161,-0.190095263323221,-0.120750015030592,-0.110905598669377,-0.137409342532618,-0.215053994494659,-0.198350426100727,-0.1231584593192,-0.216513494152092,-0.236109564430358,-0.184637562695772,-0.182137289535197,-0.194435045031301,-0.173639773618377
"97",2022-04-07,-0.112348504758719,0.0217522678004278,-0.204534119102337,-0.15950235734655,-0.0540354751595081,-0.0759792306552531,-0.0746824069935552,-0.185801527539526,-0.171132657982678,-0.114604661865814,-0.196080679677986,-0.213746843833157,-0.144105471791387,-0.155221761407432,-0.16225403735933,-0.148498704362704
"98",2022-04-08,-0.153798373293542,-0.0736516140062041,-0.232557343995998,-0.225868308674401,-0.100530053939621,-0.150679661350374,-0.119527852791708,-0.243591734858187,-0.194310998789236,-0.144110856294333,-0.212752448627854,-0.255931214610361,-0.1791013788392,-0.208500889197222,-0.193060334024598,-0.197729658448208
"99",2022-04-09,-0.0982722825068539,-0.0926252544176076,-0.222666152469251,-0.228512813665033,-0.0623374228414261,-0.159105444344079,-0.0666304428440933,-0.240843680351423,-0.154702134112689,-0.134867571685944,-0.198110693940318,-0.241030159777066,-0.153220615703671,-0.204419624515793,-0.16794517852237,-0.193813536686807
"100",2022-04-10,-0.11786382303645,-0.119603011769075,-0.238401970514066,-0.243211875209478,-0.0915478581603214,-0.176515142226394,-0.0914434533271075,-0.255153134114303,-0.16972195560114,-0.147783676387627,-0.211836619700596,-0.247096748828638,-0.173533467338489,-0.218406410141353,-0.187173757140527,-0.20067855540937
"101",2022-04-11,-0.16847413783473,-0.156522764387362,-0.284335937975313,-0.293316842330846,-0.165650917498146,-0.224160747345387,-0.154252860260349,-0.30984987027696,-0.221294370397406,-0.20330559991498,-0.266737760076,-0.305273056577647,-0.242022017348555,-0.271970993044744,-0.252249559280533,-0.258774674594293
"102",2022-04-12,-0.139158423365264,-0.170990139158965,-0.249288005506996,-0.291961066574364,-0.13662836870706,-0.227298231788671,-0.125817848238446,-0.301449423010379,-0.200579169592418,-0.19244622579484,-0.246384816711913,-0.293248182225612,-0.219485500867828,-0.264784272240875,-0.229845709206338,-0.251389311169072
"103",2022-04-13,-0.124175529769516,-0.171579819304813,-0.232676592234527,-0.286003687748596,-0.119326074331026,-0.223983906779767,-0.109675150251445,-0.294113511308396,-0.181935721878828,-0.173131972691283,-0.226559745747863,-0.279482786489056,-0.195118092309565,-0.255768582345067,-0.207401201523938,-0.242608439815491
"104",2022-04-14,-0.150403859173463,-0.179489055431099,-0.248192297042354,-0.295074116834697,-0.15105093888114,-0.229720799091921,-0.140017798810867,-0.303081003060149,-0.205922943468547,-0.197589023062136,-0.248120102099825,-0.287062547759964,-0.220510669720142,-0.266348415378959,-0.231233362158602,-0.24713823984981
"105",2022-04-15,-0.128077891191485,-0.142598158823226,-0.243438980455083,-0.2816363157825,-0.136086062008766,-0.201018850346555,-0.118813901227017,-0.282559941254769,-0.18742000399154,-0.184543155333701,-0.243071124442341,-0.275103008044655,-0.2062440721573,-0.242865845827295,-0.214653457995214,-0.224559182863156
"106",2022-04-16,-0.130646957992834,-0.153923007005257,-0.24309458108272,-0.288807719665938,-0.136821267266004,-0.210165985660655,-0.121541655421305,-0.287700151521236,-0.188959322393907,-0.18426645159154,-0.239535611131866,-0.271739383761456,-0.204984229532847,-0.237730961775044,-0.215167781765322,-0.222024988212987
"107",2022-04-17,-0.132267611678423,-0.197350633514188,-0.261631368526712,-0.321744636886499,-0.156217955370118,-0.247308827427684,-0.129331604727341,-0.319111813302912,-0.194908589994049,-0.201563158615397,-0.257311121433994,-0.29715223502188,-0.225753439914762,-0.27002805494534,-0.234116698356574,-0.253534209525852
"108",2022-04-18,-0.0757955192334907,-0.184719714853304,-0.244451107083562,-0.313622507543269,-0.102816361440276,-0.236586575268467,-0.0675624266440437,-0.309674760023083,-0.153095059198613,-0.180871282316588,-0.24100971334939,-0.288574760965012,-0.190512036499709,-0.257295809017583,-0.198904118314349,-0.242488571667256
"109",2022-04-19,-0.095966353213284,-0.164269924824567,-0.234693357863659,-0.292561665111306,-0.103049969243286,-0.217522049061305,-0.0822963074077295,-0.290959136554419,-0.160229852828769,-0.165953417492446,-0.230141535457817,-0.266708099857037,-0.185062967610401,-0.240635681142566,-0.192156002826423,-0.225908848533861
"110",2022-04-20,-0.0781215159517193,-0.191096054872168,-0.242048457511673,-0.311275073019701,-0.104647468393958,-0.240108967493488,-0.070022173607734,-0.310414305265522,-0.149434225241134,-0.169954547107245,-0.237002780114722,-0.277979992151748,-0.191802709859169,-0.256185806257104,-0.196582109119421,-0.240690668778238
"111",2022-04-21,-0.0657165967847581,-0.223330091783475,-0.266592410305968,-0.339331181130638,-0.10425115250905,-0.269246228537443,-0.0574146008059493,-0.336221785240533,-0.126625891603462,-0.18803038928567,-0.26042323124667,-0.299880659531423,-0.187961210193928,-0.278860782602831,-0.171134800687863,-0.264064589738673
"112",2022-04-22,-0.0860214657485255,-0.22899097405984,-0.263033793853247,-0.33852716208242,-0.114393753945458,-0.272992324193564,-0.0765802688743927,-0.337921942172034,-0.153789683259247,-0.202815063480028,-0.262787337869334,-0.303317715433217,-0.199819394168944,-0.284005288171465,-0.194010497718939,-0.268933490277523
"113",2022-04-23,-0.0952491954163681,-0.247419951550335,-0.272767314491748,-0.352209896350104,-0.129614740156023,-0.288687069299995,-0.0885296306352562,-0.350535531912707,-0.156913005183695,-0.208772052927299,-0.270555986430735,-0.313733498155696,-0.210479980014528,-0.296063448858964,-0.199997269608201,-0.281292415036402
"114",2022-04-24,-0.130759690945642,-0.271658377499666,-0.277380875778991,-0.367545870663743,-0.139842180974003,-0.307520409169118,-0.114816432700273,-0.362981394454937,-0.181675910710788,-0.210999990237496,-0.274668825427858,-0.326276353916005,-0.22084978757403,-0.308925008547097,-0.212187910893707,-0.295202282858627
"115",2022-04-25,-0.124952879488254,-0.263159468314829,-0.267955197733901,-0.335123652884029,-0.130170602051907,-0.284334261701148,-0.107227550758986,-0.343172841655664,-0.171192149759344,-0.193652092890322,-0.257647771966713,-0.296678498356046,-0.211252413730876,-0.293623979573698,-0.204708169440356,-0.260164386135375
"116",2022-04-26,-0.203164741056361,-0.337184875553302,-0.302940740168541,-0.409559649348958,-0.213399900296942,-0.359393782687376,-0.194085699356207,-0.410557581119298,-0.236495106837762,-0.242433171762852,-0.303403856943976,-0.359565102581103,-0.276418934980971,-0.352043602077664,-0.266572255536887,-0.328992317304583
"117",2022-04-27,-0.196991998253625,-0.315864146836765,-0.292227996992215,-0.393555246943454,-0.202084130907391,-0.341680254260949,-0.186020323395343,-0.396200618100143,-0.224520395646272,-0.220667287258252,-0.286904909196299,-0.348134318951748,-0.261250308191726,-0.336253265429991,-0.251829061699751,-0.313947437940679
"118",2022-04-28,-0.195222010370872,-0.334505388657253,-0.265143549972093,-0.410301879107623,-0.201305366216982,-0.358295151280857,-0.188123695296368,-0.411016980417924,-0.219678373617186,-0.210648385946985,-0.269647454205971,-0.352141146699185,-0.259116702825267,-0.339202589376328,-0.248601743365066,-0.318063272540544
"119",2022-04-29,-0.223948078742865,-0.37605111135983,-0.29024824367911,-0.443455019752211,-0.254292371847508,-0.39450714006682,-0.229911400570244,-0.44516401220199,-0.242746915897098,-0.235380330296053,-0.298356586700754,-0.380629185207083,-0.296986795422295,-0.369699295649926,-0.280149912455156,-0.345512200698238
"120",2022-04-30,-0.258761049765222,-0.424861778972129,-0.318408873888418,-0.501674171925109,-0.309721135769294,-0.444343434967978,-0.275317471690269,-0.499428972513837,-0.263152150120822,-0.259413252039162,-0.32221812809177,-0.442406218449187,-0.338557370356251,-0.419400875676842,-0.313782143234472,-0.393546033860903
"121",2022-05-01,-0.249619737605522,-0.401437962836856,-0.296203393390725,-0.476774165598023,-0.281922048232501,-0.420334339406307,-0.258812332900225,-0.475068563630496,-0.237882114154795,-0.243586080275903,-0.299035460954831,-0.417587126358759,-0.306621918077033,-0.397317616830351,-0.271576137044076,-0.370826896897685
"122",2022-05-02,-0.280824616632157,-0.414681654837491,-0.297304274541,-0.489671159298324,-0.296595929695667,-0.431407567380478,-0.285915945480141,-0.483360646144429,-0.258032368212536,-0.243486420842576,-0.294737479445758,-0.422274825462154,-0.316910441043273,-0.404243910179055,-0.285892254214801,-0.378254696197857
"123",2022-05-03,-0.268652349333926,-0.429256490389717,-0.308556372038246,-0.501626952224452,-0.302322208628427,-0.444169849049457,-0.279443090681795,-0.494809776835863,-0.248066954004042,-0.258620913523667,-0.310666143251164,-0.431751651882233,-0.318582758385623,-0.41440650621363,-0.278413958822519,-0.387999121169845
"124",2022-05-04,-0.209583389917179,-0.352834578265605,-0.275085222236658,-0.441965461610492,-0.236650377133666,-0.379740962077479,-0.214178422300064,-0.439972378288976,-0.181518145018238,-0.219154649437088,-0.274413026100613,-0.390882409759351,-0.250804937917658,-0.36606833042758,-0.196081426684746,-0.342009715952301
"125",2022-05-05,-0.271845009503959,-0.413308853635905,-0.319135348258043,-0.495096004526303,-0.293263292460524,-0.435502979092735,-0.275895477066566,-0.492873900459814,-0.255670228954718,-0.283579584731509,-0.321560529801943,-0.43989276072838,-0.317575098576786,-0.419533733384781,-0.278260572366465,-0.393255406594963
"126",2022-05-06,-0.252313155495301,-0.407308402325715,-0.318183303988281,-0.495205647369888,-0.288818247192496,-0.432516264384956,-0.261169432702952,-0.493032902910589,-0.225962251419658,-0.293699889941681,-0.329894798591665,-0.446197938690266,-0.302139115800939,-0.421717639800745,-0.240975906633161,-0.395325485176251
"127",2022-05-07,-0.290619620757301,-0.432672790136608,-0.343116532455114,-0.513900183210722,-0.328853242416967,-0.45369389273955,-0.302641576804926,-0.512705501047324,-0.25660809529934,-0.305347525562811,-0.348223177833833,-0.459861696901469,-0.333204986717119,-0.438181904405778,-0.27410233324927,-0.409332405491769
"128",2022-05-08,-0.271867843273781,-0.447465289414039,-0.361847379012355,-0.526931202870954,-0.323243587191881,-0.468161486438242,-0.28499526230679,-0.525995107479418,-0.245841574936055,-0.333825052633073,-0.374124071745129,-0.479237133159558,-0.331195635032819,-0.456701322590539,-0.261987177672674,-0.428067190930294
"129",2022-05-09,-0.412336730428636,-0.508846254926825,-0.471373804610827,-0.598195290007309,-0.446866717683102,-0.538090624712087,-0.4220650108654,-0.599098003639051,-0.373626156550896,-0.412348681688935,-0.458743156820461,-0.564416411201134,-0.446588311262339,-0.529348249885663,-0.392642122058617,-0.507179151860473
"130",2022-05-10,-0.424797242460112,-0.507436821040412,-0.437218424686568,-0.5942085171806,-0.445618971430261,-0.532896472004127,-0.434483127266561,-0.591656633014922,-0.369717972461862,-0.399415315081384,-0.431478010092934,-0.55528124540953,-0.433589471737837,-0.520674046562363,-0.376079812047563,-0.497152005951662
"131",2022-05-11,-0.520990478044752,-0.659755260142277,-0.531738294980026,-0.725879786476595,-0.534176431981799,-0.673248185741404,-0.526363465551398,-0.71532725187186,-0.442940954117159,-0.450705234145571,-0.510467208440977,-0.674635805335962,-0.51085010394818,-0.631232781056697,-0.443498840685014,-0.615238486032388
"132",2022-05-12,-0.526282780722422,-0.691084231175663,-0.532693277042854,-0.746780500849599,-0.534776720340855,-0.699212138578566,-0.52922407459682,-0.737352421486523,-0.470107096128515,-0.450805993586831,-0.528460028061326,-0.691305745092937,-0.527307554702082,-0.64912669224583,-0.471526024943253,-0.632217507220053
"133",2022-05-13,-0.499029255488259,-0.662206808166225,-0.497344073556189,-0.708746635156439,-0.502447299645501,-0.666199585816209,-0.500549681557777,-0.696542993417698,-0.442095222084702,-0.443387836638211,-0.507759987680128,-0.645200570293932,-0.495279573006698,-0.618464407216227,-0.431725239560031,-0.603424324068436
"134",2022-05-14,-0.473684531776699,-0.650249059016501,-0.485699805967378,-0.677222678222413,-0.472303804171659,-0.647734360334696,-0.470374623742093,-0.665307583354356,-0.428481845584718,-0.428168381813942,-0.49717127947638,-0.616653563483454,-0.478570057472805,-0.602269823490567,-0.42076102275584,-0.59187628447499
"135",2022-05-15,-0.431175817426803,-0.639105983940093,-0.461018112938908,-0.67141122387855,-0.438347914047024,-0.637668077997308,-0.429465911072156,-0.658049065654428,-0.39857967987274,-0.404233496901462,-0.474768450303561,-0.594737821564236,-0.455036158538979,-0.583216080613912,-0.400378775539679,-0.57207716786139
"136",2022-05-16,-0.462264811637191,-0.668119474649284,-0.486304653552016,-0.70253949379291,-0.474192457876019,-0.66698732385224,-0.463940544585886,-0.688979538167221,-0.431223232773108,-0.433277559058097,-0.503439443040073,-0.624936615100714,-0.488916302270397,-0.611636241664393,-0.435121286035072,-0.59935393642798
"137",2022-05-17,-0.434872292387147,-0.654751483196136,-0.472263039322686,-0.692135460598084,-0.442095052199712,-0.654712131995267,-0.431956884731219,-0.678124836525218,-0.405139952837002,-0.421024497142693,-0.488119383701274,-0.60550517003829,-0.462492286528682,-0.59553615972812,-0.40629433492576,-0.583311453411608
"138",2022-05-18,-0.487658222066035,-0.68640925614129,-0.505215058365512,-0.726185769836254,-0.497719816341959,-0.68749059325105,-0.489175933975108,-0.712564100646285,-0.450067767812155,-0.454806414873689,-0.527953767153218,-0.636742917187532,-0.50752598022841,-0.627723254316898,-0.446547697508477,-0.614700781547126
"139",2022-05-19,-0.455150493397679,-0.675615401880485,-0.472980150453931,-0.713132214784584,-0.468724623208397,-0.675348502652438,-0.458301726534649,-0.699002759879584,-0.420741472589411,-0.425104752800305,-0.501176034592118,-0.616013471318745,-0.482321559224506,-0.610858276774295,-0.420068799732829,-0.597796276059384
"140",2022-05-20,-0.444457232742122,-0.689210312706345,-0.480645714839477,-0.72617203860549,-0.464674006817054,-0.688311934208162,-0.447853744273186,-0.710947893748943,-0.421893392968571,-0.445718430032932,-0.512816119506161,-0.623030563431633,-0.488469996159464,-0.62180316959404,-0.428244696132647,-0.608835833122834
"141",2022-05-21,-0.435751935155403,-0.686661825150095,-0.46356409903757,-0.722491303365426,-0.4615500630274,-0.685246309122703,-0.4431887082123,-0.706918418272132,-0.411886985983795,-0.440579865812281,-0.504694111889549,-0.613973697788595,-0.481489459134078,-0.614992840606592,-0.416844843337646,-0.602770347795762
"142",2022-05-22,-0.408672374216568,-0.680736131619843,-0.451444381912275,-0.718034026833824,-0.441457289115983,-0.679614461652575,-0.417596702926818,-0.702302968418747,-0.38381958788181,-0.423073319529417,-0.489984256653222,-0.59940718626338,-0.460621515320101,-0.602317338679648,-0.39129103330626,-0.590194046772326
"143",2022-05-23,-0.41130739594534,-0.695087529775749,-0.456357855486454,-0.732548208432634,-0.450571083408913,-0.694359622689365,-0.424017941743176,-0.717801569935724,-0.397260702359712,-0.446792224445342,-0.502849098043986,-0.617433924455774,-0.473575893394316,-0.619714144921823,-0.407321737829295,-0.606850603202218
"144",2022-05-24,-0.382106182517366,-0.693425609546464,-0.437086652789343,-0.731139974194264,-0.424959248834271,-0.692566659254254,-0.39620456692705,-0.715851315773946,-0.377652473109808,-0.437200432107807,-0.494926505302296,-0.61891102092026,-0.452526061614819,-0.616455197212657,-0.383181196672992,-0.60429496087226
"145",2022-05-25,-0.365440870510529,-0.69693855396901,-0.441321952342366,-0.731618179744295,-0.426293125264935,-0.694847265499166,-0.385574941029942,-0.716060382407447,-0.361253654909599,-0.439130341179598,-0.501732335999682,-0.61814794482711,-0.451226190264177,-0.618426158049978,-0.372841565375957,-0.606829936426563
"146",2022-05-26,-0.410752318965363,-0.715299981611221,-0.478132241791488,-0.750568536699614,-0.468713605412648,-0.713233759528855,-0.430631495762714,-0.733271021190174,-0.400348847773145,-0.446340768253055,-0.537350354578591,-0.63811620153724,-0.484463087546421,-0.635898592581988,-0.405092022665005,-0.625459058433664
"147",2022-05-27,-0.428941846575707,-0.725544652851407,-0.48500525405068,-0.75588100055805,-0.47847136002612,-0.720305079067863,-0.446629979311608,-0.740932200069047,-0.423179458636137,-0.459155873033206,-0.552177892212002,-0.644746774333243,-0.497801303082965,-0.645890512981217,-0.421092083362337,-0.631008928657799
"148",2022-05-28,-0.433336263530751,-0.722455997553223,-0.473415501185704,-0.752166338866184,-0.476388589934659,-0.716883869675082,-0.450061951890123,-0.736774171466278,-0.42011450927673,-0.451668052751522,-0.53790744967863,-0.640244557811269,-0.491198735179602,-0.640711419128964,-0.414900528900836,-0.626457782410885
"149",2022-05-29,-0.411757732791318,-0.72007301284368,-0.476572614073047,-0.749132378864597,-0.457649321090167,-0.714125354477293,-0.4265961545587,-0.733774500638533,-0.408210930207108,-0.442322208579182,-0.53605180250814,-0.624676298712496,-0.480070447158978,-0.629210470635372,-0.407463779320434,-0.615861910528094
"150",2022-05-30,-0.367469157219081,-0.672190715496121,-0.450267715342543,-0.713685721244721,-0.420913055865485,-0.674131575610905,-0.383380491385723,-0.701531409963884,-0.363704679641958,-0.400245844905246,-0.499805945692799,-0.598957376107972,-0.446251598772561,-0.5948192175241,-0.373109288771894,-0.582770524502687
"151",2022-05-31,-0.383000143126782,-0.657262695197465,-0.452424740760668,-0.708458511473451,-0.439730911911375,-0.665349319289568,-0.40226088165732,-0.69729903193552,-0.373983694980122,-0.397007855983661,-0.5089277479111,-0.589520629473201,-0.453643253468549,-0.583911734299439,-0.377132600064228,-0.574627838682688
"152",2022-06-01,-0.399542794308359,-0.67033069059062,-0.487690406115497,-0.725393533461355,-0.463345251720998,-0.681563480660537,-0.419327907459367,-0.716309834045104,-0.389918826414967,-0.435759788450542,-0.540166853245421,-0.617796933777754,-0.478077212574532,-0.610435743682757,-0.397116134248699,-0.600281628177176
"153",2022-06-02,-0.389306084689223,-0.660486873015703,-0.474894628089019,-0.715187079783839,-0.45389232183489,-0.671925083810709,-0.409828633297696,-0.706564464725698,-0.383215262322364,-0.422251524678114,-0.533996887677377,-0.601347700896067,-0.469991283378764,-0.596687723217425,-0.388782458104618,-0.587317833563347
"154",2022-06-03,-0.41044419596306,-0.666511870273056,-0.491692505774814,-0.723280212794156,-0.469681008692305,-0.67984874444719,-0.428878601328712,-0.71643735323473,-0.405243050321694,-0.436765240219911,-0.549111947942356,-0.613715741359622,-0.487316154857629,-0.604481098133773,-0.409758290430721,-0.596073527217442
"155",2022-06-04,-0.417755904398733,-0.675949294413237,-0.486219949374013,-0.727230486727057,-0.471939938480099,-0.685284764186961,-0.435485987927321,-0.718876228250849,-0.409480846207343,-0.435551653193865,-0.543161259178892,-0.617157348071579,-0.484861156780932,-0.609334137737942,-0.409674539974025,-0.599369367143621
"156",2022-06-05,-0.42170841629291,-0.685050787059482,-0.490839689134377,-0.733702639034833,-0.475313693876614,-0.691896552093303,-0.439060499963526,-0.722835584252801,-0.408770282971067,-0.435631658457015,-0.5442660851009,-0.625017137117472,-0.485933368916385,-0.614877624871617,-0.407927873424894,-0.605156513581224
"157",2022-06-06,-0.417938755992182,-0.677858617014397,-0.496888034824281,-0.726347762726336,-0.466130559666399,-0.684667200062196,-0.431350046032306,-0.715282201413537,-0.401840908506679,-0.409756792115319,-0.538336541619159,-0.617020950833608,-0.476361617001722,-0.605525669642034,-0.400047837556396,-0.596363878910568
"158",2022-06-07,-0.427693997296711,-0.683743584570076,-0.505580663306748,-0.732687633796781,-0.476647734184065,-0.689983180520358,-0.441284626042816,-0.718726000079685,-0.408588852306171,-0.414750335131939,-0.548387632468382,-0.625149532719602,-0.479773256076191,-0.613056241198945,-0.400917493499059,-0.604586244560685
"159",2022-06-08,-0.431639500035619,-0.689397871961526,-0.508518357842625,-0.738974674812189,-0.480701651964082,-0.695990745545623,-0.44536408347917,-0.725472839945315,-0.414823339535568,-0.432087620372451,-0.552559953479455,-0.632169120228695,-0.485756442385812,-0.619983440766237,-0.408332282776742,-0.611166743013616
"160",2022-06-09,-0.433592621384625,-0.688607541587315,-0.506309600930885,-0.739134980471085,-0.48291438446938,-0.695735989478575,-0.447984760134224,-0.725834319563522,-0.415565281599761,-0.433794622645837,-0.552339236681159,-0.632555227802744,-0.484149004247521,-0.620147835667227,-0.405863605196291,-0.611245250488612
"161",2022-06-10,-0.462356959190829,-0.71049182321958,-0.51294401232964,-0.75873846312793,-0.508008266464799,-0.716335486182657,-0.477815967069393,-0.744917687352554,-0.446259951917824,-0.45386913951719,-0.574323840593644,-0.650564148176872,-0.511930478008514,-0.639142908678269,-0.433319117686765,-0.630255457804581
"162",2022-06-11,-0.492681472917287,-0.732670626504917,-0.541989761202517,-0.779172008286737,-0.542490434773035,-0.738272531595258,-0.510166548738499,-0.765101088319212,-0.477240733119708,-0.468713087953583,-0.606046778826753,-0.670956802326244,-0.54585288036456,-0.659852723296509,-0.467057182182033,-0.65234155145875
"163",2022-06-12,-0.518619433496075,-0.75309386761188,-0.565599810160568,-0.795780940076648,-0.562550823815764,-0.757042098726114,-0.532923763212154,-0.779249148412429,-0.494785994782436,-0.500040476008904,-0.627561112886421,-0.69187037787373,-0.563724207760118,-0.681192553120873,-0.47987712727517,-0.675875180300607
"164",2022-06-13,-0.599988358473009,-0.7811811017389,-0.626420210641495,-0.8148905754412,-0.636611769131588,-0.783958061400606,-0.61394080812562,-0.797595588696098,-0.585755986546524,-0.586714222767757,-0.688861967538999,-0.73561690176647,-0.635713013185659,-0.725595855815799,-0.568560126175921,-0.724907089244932
"165",2022-06-14,-0.623526660977707,-0.775063696080842,-0.625230064469344,-0.811551175624515,-0.647545700345276,-0.77836369506649,-0.6348776664189,-0.793349687878151,-0.61668708696444,-0.590989971143713,-0.687395265432835,-0.730493679882352,-0.649107629906182,-0.71941328979046,-0.597712468211112,-0.718374984339781
"166",2022-06-15,-0.616866913742155,-0.757474857096422,-0.60851686585205,-0.790899632847453,-0.633074508565483,-0.758464819261864,-0.625934981347571,-0.773091522429401,-0.601970640253916,-0.584421931926706,-0.678276577379803,-0.716420035872529,-0.629096039799773,-0.70531568592963,-0.568428177143344,-0.701876323740855
"167",2022-06-16,-0.658897958197203,-0.787900500081725,-0.650734042763334,-0.820085891812028,-0.67820486400092,-0.789155129035759,-0.669434115285188,-0.80201137073442,-0.643073523001254,-0.626425641376657,-0.719566827824979,-0.745455435621528,-0.671946783697865,-0.736272619072403,-0.611206922801216,-0.734239826308052
"168",2022-06-17,-0.640213077805136,-0.780176219585846,-0.64030692858986,-0.813029290903665,-0.661946840085362,-0.781502888185554,-0.65073493548351,-0.794764089562138,-0.63058476038851,-0.624655112312677,-0.713127468904212,-0.740305389513352,-0.659513005579072,-0.730725495024908,-0.599488725020468,-0.72830479988495
"169",2022-06-18,-0.671037371987957,-0.789290505230782,-0.673169301416037,-0.824790055683542,-0.686572952139171,-0.792578990056433,-0.678388546955403,-0.806828590776289,-0.651996472422204,-0.653213264644112,-0.739019531151942,-0.767930107206026,-0.676264983358965,-0.750068639482548,-0.612152996549382,-0.748440437426874
"170",2022-06-19,-0.640179227393483,-0.774911985736047,-0.644781076669126,-0.809227461607844,-0.653984311508185,-0.776501221541548,-0.646346787988708,-0.792061403238539,-0.626482461257084,-0.626002595931134,-0.710626834749285,-0.74510060286312,-0.651837077596874,-0.730223606011429,-0.590707902566208,-0.725951974150862
"171",2022-06-20,-0.630442627426653,-0.77522843778739,-0.641474394191557,-0.808760835008413,-0.648422256282417,-0.776781511196339,-0.638336335417034,-0.792085211276105,-0.623529555329034,-0.625647711299865,-0.70944930961564,-0.74829907981236,-0.648013219708355,-0.732270671293842,-0.588935350580119,-0.728063115304313
"172",2022-06-21,-0.627366243952147,-0.751153559710574,-0.637251855220558,-0.790421479521112,-0.646851488458516,-0.756664580785423,-0.635999671823568,-0.778569666754161,-0.6150065413968,-0.621540036403597,-0.708349013519027,-0.733233285149164,-0.643163526536815,-0.718103852733293,-0.577445251047623,-0.710956199298917
"173",2022-06-22,-0.647178090070764,-0.767186141642598,-0.646016577171317,-0.802587528671066,-0.663024188853161,-0.770409744668067,-0.655348730679486,-0.787913702758082,-0.634594346682435,-0.635752023521714,-0.722420484932507,-0.744732710200198,-0.658107231923669,-0.730177969360778,-0.592940928878882,-0.725062141125326
"174",2022-06-23,-0.618481095138,-0.755646641684414,-0.622542730334254,-0.791884459005223,-0.641775959952422,-0.759181304948894,-0.629588621861438,-0.776910331744874,-0.611479931311938,-0.616708854117276,-0.701360541415306,-0.734818501999508,-0.641829427515207,-0.71843042039581,-0.577631946458772,-0.713742255173917
"175",2022-06-24,-0.60519226647428,-0.740105078925956,-0.604373906399399,-0.782557089253419,-0.627710120639784,-0.744793436258847,-0.616432656461495,-0.764187603793857,-0.594674153364753,-0.613457737368446,-0.683329167908282,-0.72513217417788,-0.628728767414276,-0.70521135003382,-0.562091931514922,-0.70048995342425
"176",2022-06-25,-0.603041777921048,-0.737812479324016,-0.605280681893802,-0.773826093300104,-0.627399844456155,-0.740030724809492,-0.614916199836264,-0.756008229515624,-0.594039093173965,-0.608964128644223,-0.68129352548355,-0.718354810340077,-0.629398753884596,-0.702646186901558,-0.564867398226613,-0.698040181689226
"177",2022-06-26,-0.60915563948619,-0.745817841342075,-0.615000161275464,-0.778978885885026,-0.636382190560667,-0.745376134848086,-0.622382952683688,-0.763746890626122,-0.601117755476642,-0.617994201550627,-0.691112403571181,-0.723093531251967,-0.638085744796306,-0.710738589372635,-0.572932449888275,-0.700302343480524
"178",2022-06-27,-0.618739702528749,-0.747614014309973,-0.615346036286772,-0.777373808518327,-0.642986116196845,-0.746363256701124,-0.631805157455444,-0.762662848623131,-0.603288935350158,-0.623218220557407,-0.692116946802927,-0.723259414274477,-0.6400082104934,-0.713094671809609,-0.570750244382058,-0.70347810923397
"179",2022-06-28,-0.631188962132391,-0.765021853863472,-0.626571266551678,-0.797057314674029,-0.658633898450714,-0.765195403938827,-0.645784639333871,-0.781025634294943,-0.613858095758346,-0.632216753589399,-0.703288603318982,-0.741822515409668,-0.653805062246475,-0.728102519353456,-0.583304079844327,-0.720963237692393
"180",2022-06-29,-0.633629225522001,-0.765829179500501,-0.639376939555434,-0.793206459966583,-0.664065910683022,-0.763978079432762,-0.648333430043201,-0.780185703418221,-0.620102637480614,-0.635616664193177,-0.714509196234678,-0.741184203192355,-0.659706087183152,-0.730914578205043,-0.590646689475317,-0.720481573440786
"181",2022-06-30,-0.645334048668068,-0.770806830887976,-0.639344049827981,-0.799757365956151,-0.673763835173607,-0.769489138889116,-0.660750001014614,-0.784094715800216,-0.629791715487196,-0.641497903787707,-0.719076944426357,-0.746632808606592,-0.665767171551363,-0.734239647732538,-0.59606291398754,-0.726366882010453
"182",2022-07-01,-0.644170550874151,-0.776559439196056,-0.644779012351463,-0.803258835981686,-0.676980660622535,-0.775129526757577,-0.660789874777063,-0.790956003056195,-0.628086326992777,-0.652091710115855,-0.722094543851389,-0.762459412428853,-0.668481911776801,-0.74497026903993,-0.59758959577278,-0.735787315790699
"183",2022-07-02,-0.640779804602312,-0.775768567748701,-0.64147278005214,-0.802308111057497,-0.673224787253535,-0.774091570793754,-0.657223519670129,-0.789881195938399,-0.626482595768154,-0.652756618742633,-0.719956363443365,-0.763173458525663,-0.664755439682744,-0.745410505183993,-0.595024558325272,-0.735799914594081
"184",2022-07-03,-0.639567488069725,-0.773701507747918,-0.639930442860635,-0.801643483812648,-0.671826438888247,-0.772206965473608,-0.655944050442826,-0.788367642618733,-0.62255642268443,-0.65237645155927,-0.718374196973345,-0.766291441304119,-0.662163598712183,-0.745875137198112,-0.589936390366898,-0.736030059969733
"185",2022-07-04,-0.618720806056076,-0.764702916405712,-0.619801906033167,-0.790693807964618,-0.65337812118481,-0.762600689029557,-0.636050649862832,-0.777918525972361,-0.604283950044526,-0.635485317362952,-0.700547929502175,-0.751369475240682,-0.647936945834101,-0.734305877384794,-0.575745750189368,-0.724604020170618
"186",2022-07-05,-0.623697988954729,-0.770760618424182,-0.620985864221135,-0.798253794097175,-0.658878092505621,-0.76923802143547,-0.64168064640474,-0.784498998508829,-0.605937685357311,-0.636724342888194,-0.703337454252781,-0.759013829796636,-0.651285632531388,-0.740157019487574,-0.57624240493316,-0.731155636180222
"187",2022-07-06,-0.613850779020011,-0.765908403505427,-0.608629563528736,-0.792382026314737,-0.650683384403864,-0.763748908895367,-0.632942094464856,-0.778259482555805,-0.598091839911724,-0.630312300049513,-0.691636702988497,-0.752570442425828,-0.646069736634579,-0.734968746582435,-0.572942829592511,-0.725890551475503
"188",2022-07-07,-0.601370282139148,-0.758032217273734,-0.603672550822171,-0.786248331755179,-0.639800474920487,-0.756328072924466,-0.620381284041217,-0.771914575291702,-0.585998319381034,-0.612037250401858,-0.682823855626863,-0.748939816943662,-0.635228591073169,-0.726664584830226,-0.562263977949943,-0.717652047711914
"189",2022-07-08,-0.611395847061229,-0.762276529685255,-0.604970935753645,-0.79233967211666,-0.645800877776388,-0.761050143779775,-0.62953503796803,-0.777052496672384,-0.592092406934873,-0.610312230971608,-0.685441355282685,-0.75059125721123,-0.639979807252821,-0.72819768397787,-0.565542655190743,-0.719575950404918
"190",2022-07-09,-0.606715752631332,-0.760275316455491,-0.600906260577097,-0.791275896855446,-0.64040595036145,-0.759339815462583,-0.624387775116419,-0.77564230224334,-0.589069893764085,-0.611863222613369,-0.684777157441265,-0.744671524164075,-0.635191807804646,-0.72546303493182,-0.560007611557777,-0.716608720739144
"191",2022-07-10,-0.609931153492645,-0.772718716453783,-0.615238097032678,-0.799746100062035,-0.64836909605243,-0.770766015775668,-0.628264184114605,-0.785791842446566,-0.596688644288611,-0.625501354381761,-0.69693085219246,-0.754563175411664,-0.646067149583856,-0.737646329523,-0.572685266538124,-0.728631918074773
"192",2022-07-11,-0.621388294028193,-0.786584608628952,-0.629944590021686,-0.815921259630421,-0.663968483965793,-0.785919745485365,-0.641233363288342,-0.800459563235581,-0.61242863391487,-0.642051450540675,-0.712594014746076,-0.770722537681315,-0.662606751217034,-0.752509383606373,-0.591563712107424,-0.74515913842045
"193",2022-07-12,-0.631955018532456,-0.788915839333777,-0.638899585210235,-0.820184780677233,-0.67540870652916,-0.789327304356403,-0.652604615384649,-0.804373619143773,-0.62294815734683,-0.65354075808596,-0.724382065477054,-0.776352883905976,-0.67084554058547,-0.7573336470325,-0.598797052908665,-0.750507378883597
"194",2022-07-13,-0.624125282408353,-0.781507086271469,-0.622786795889589,-0.814318475710716,-0.664861600408843,-0.782099180324182,-0.644534386287946,-0.797667818899762,-0.611289825135734,-0.638184031742224,-0.708344060160011,-0.769102857577255,-0.659373649253396,-0.748003449132629,-0.586370455772715,-0.741391518846817
"195",2022-07-14,-0.603046594785229,-0.775580046190008,-0.610487725579034,-0.810619158362318,-0.649603652159463,-0.77696242470138,-0.62497819424318,-0.792951985930223,-0.59221356789531,-0.631823426471279,-0.693332686588821,-0.765232073137358,-0.648248021056735,-0.743192761519411,-0.575185872516589,-0.737018075941804
"196",2022-07-15,-0.592653172853607,-0.774543291598394,-0.60981774392328,-0.808832068751783,-0.642312919949737,-0.77551422566911,-0.614865648625644,-0.791234685800277,-0.582697317233973,-0.627297023447271,-0.687341210226014,-0.762645452595532,-0.642240079012976,-0.741434969189,-0.569936450639156,-0.735113403920448
"197",2022-07-16,-0.580212454835932,-0.767422832226855,-0.592198358790375,-0.805057102954466,-0.62164611025654,-0.768998959208858,-0.599618613481033,-0.785435625605747,-0.567625183577525,-0.621048179396902,-0.665015350103304,-0.758575235235935,-0.624396804251409,-0.735718953716975,-0.553358087978035,-0.729289597468104
"198",2022-07-17,-0.579941789588338,-0.772370579375574,-0.595051274202023,-0.80978064295334,-0.619363901063364,-0.77409628295165,-0.599041921735546,-0.790711051537762,-0.575273927480543,-0.62821787302444,-0.668002998175497,-0.764365276213495,-0.626497662938126,-0.740761462309586,-0.560782120772351,-0.734198594335721
"199",2022-07-18,-0.533796713466677,-0.756072645935833,-0.568125855170081,-0.794222927271345,-0.568246976892451,-0.757421706389233,-0.549689981965362,-0.774245287172863,-0.538553020977435,-0.598920886139528,-0.627471154469857,-0.744826724003444,-0.587171184057165,-0.721260287060274,-0.529621113778558,-0.714618567366733
"200",2022-07-19,-0.533036877234004,-0.743511595937956,-0.561765487445923,-0.781786801380489,-0.568348404197017,-0.745840426960949,-0.550121650393872,-0.76259459652415,-0.54162518643549,-0.582946521173408,-0.630200824283679,-0.733088140393376,-0.585671086578903,-0.709865044101076,-0.528364612537405,-0.704449038731659
"201",2022-07-20,-0.537335202552156,-0.754936977867709,-0.579192087576007,-0.790803901663412,-0.583448868980411,-0.755510318796148,-0.557243551919103,-0.773236335244076,-0.542953490727204,-0.586358401713646,-0.639595163631472,-0.738688879605313,-0.599351349402193,-0.718934216109749,-0.540419737165597,-0.710388220650547
"202",2022-07-21,-0.526382368136719,-0.752252510115937,-0.567751318091958,-0.789242740974858,-0.567985825506859,-0.753125581498172,-0.545222843362658,-0.770563783824632,-0.537116202155347,-0.58758283937574,-0.627834264363671,-0.73861329435115,-0.588703219297303,-0.717667907283061,-0.533465188154518,-0.709692196008172
"203",2022-07-22,-0.534339793783095,-0.758721817043117,-0.57197288276336,-0.794123005530898,-0.57830341580396,-0.759393812620805,-0.554529945070392,-0.775394967285523,-0.54464929631921,-0.595460530420268,-0.634845918348159,-0.742112841895348,-0.597030248103258,-0.722847799779464,-0.541537800055553,-0.716022306768392
"204",2022-07-23,-0.538865829591382,-0.756771635958749,-0.577577942133553,-0.789486125923908,-0.579788789926191,-0.756487343253142,-0.557783463495465,-0.770917381411162,-0.547361825037377,-0.600039788020353,-0.635210778836819,-0.741870402593413,-0.597536349630843,-0.723317233171648,-0.543123241668717,-0.71655073672022
"205",2022-07-24,-0.52907033626332,-0.758014342958171,-0.57368850750958,-0.791451838929922,-0.574862206504751,-0.757940372265649,-0.549537755433694,-0.772621171892483,-0.53743896961212,-0.597610216555407,-0.627001193487084,-0.743164947775427,-0.590495995930971,-0.722849700054874,-0.537213181787758,-0.716499635497633
"206",2022-07-25,-0.558222855163169,-0.776780684616859,-0.601799377972997,-0.810271478769376,-0.605040807567097,-0.777365046895965,-0.578834765340105,-0.791679035882676,-0.568027067038718,-0.620421659378309,-0.659406126130188,-0.760876031416168,-0.620454001016679,-0.741324373951866,-0.566780350753515,-0.735861351983245
"207",2022-07-26,-0.539074018339114,-0.776375185651354,-0.595658337267782,-0.80990776882173,-0.588986383246105,-0.776941526150939,-0.560001348577265,-0.791341643956384,-0.557680715431828,-0.622115823950543,-0.657704672412527,-0.758430317543265,-0.611291367113021,-0.740578742444416,-0.557414116667588,-0.734841787274025
"208",2022-07-27,-0.488832934364602,-0.761040884753479,-0.560614080926793,-0.795309950068127,-0.531744832946858,-0.76125296522109,-0.506510392860047,-0.775999913597615,-0.521966905009186,-0.593547086250593,-0.620154294894672,-0.74220482762616,-0.569249669848914,-0.723070588718871,-0.521825327600413,-0.717097284895745
"209",2022-07-28,-0.461552334302754,-0.751326148326015,-0.551342261239193,-0.788589229952982,-0.491581094157397,-0.752376327638664,-0.47323549769484,-0.768450896343871,-0.510887871458944,-0.577961213600517,-0.605002391645532,-0.736342197229509,-0.538078145301059,-0.713689761653285,-0.501882348857376,-0.70770644433485
"210",2022-07-29,-0.458485940751831,-0.754025424867673,-0.525164971675966,-0.7901134989273,-0.487183334557498,-0.754691360229822,-0.472474773130591,-0.77052910199851,-0.511952926599975,-0.578855903268918,-0.595393820414984,-0.738806907829955,-0.53404793691833,-0.715121291947548,-0.498609705017068,-0.709265806077989
"211",2022-07-30,-0.474093647102821,-0.746593098488114,-0.535633994491355,-0.785814719685801,-0.49897755714215,-0.747742433022583,-0.486273158558186,-0.763460609806113,-0.520597215213776,-0.579893653029008,-0.603449432359428,-0.734483828343345,-0.543159859118077,-0.707036582708296,-0.505046210656296,-0.701673445691938
"212",2022-07-31,-0.486213530523779,-0.750195254122478,-0.542073690470924,-0.79036559947182,-0.515148457376629,-0.752165324393098,-0.500112826914668,-0.768688624306327,-0.523660725827718,-0.584106405579303,-0.607722992040153,-0.738224981676581,-0.55364911216923,-0.707264904661916,-0.511384434010005,-0.702299417502686
"213",2022-08-01,-0.480342775976462,-0.745003840857869,-0.54213828882002,-0.784559563097042,-0.519122818886037,-0.747440152834454,-0.497788223443364,-0.763931860401579,-0.519466778493029,-0.585216072709989,-0.61413735013572,-0.736525692498712,-0.556296606849714,-0.707601444678983,-0.50986039314008,-0.702774031448557
"214",2022-08-02,-0.482975963875086,-0.7544136855625,-0.541686364988176,-0.794046931428419,-0.516830699360211,-0.756709334918993,-0.49910352345877,-0.773064705077435,-0.527145878086848,-0.591693488746823,-0.614282275702373,-0.743524975650819,-0.560065008742036,-0.716066370470607,-0.517936937631025,-0.711181843939532
"215",2022-08-03,-0.478440499636672,-0.756260398192868,-0.518788754226902,-0.795036672275223,-0.513700468295736,-0.758262242883818,-0.497387536709185,-0.774023939796615,-0.527606951248944,-0.593873894802945,-0.608031796197524,-0.743152435992143,-0.559164419238291,-0.717284926109427,-0.517228821782119,-0.712538176758868
"216",2022-08-04,-0.472281320041172,-0.752041825028384,-0.499271218882792,-0.789569928052431,-0.50952054802324,-0.753774619584844,-0.493223890759009,-0.769234379318721,-0.522041264264799,-0.597354967185389,-0.602519179420485,-0.739529675825916,-0.55550504059478,-0.715636559139327,-0.5100132882395,-0.710423295491736
"217",2022-08-05,-0.45582773968492,-0.743559975751505,-0.492102967546611,-0.778106369953993,-0.48508543070219,-0.74437104003714,-0.472581442755045,-0.758621859213138,-0.507108256373698,-0.585547052220702,-0.583708607829939,-0.727257585191102,-0.535314986743173,-0.705419482656356,-0.494386206212489,-0.700525538534051
"218",2022-08-06,-0.458930899907517,-0.747810524266416,-0.492296372782624,-0.782121785966379,-0.489569429001467,-0.748616537347359,-0.476685456615073,-0.762719719453324,-0.512368098923788,-0.590247801919942,-0.589349317319415,-0.728696967827437,-0.539262298971125,-0.704341663827306,-0.498139771147352,-0.700368855884425
"219",2022-08-07,-0.44873596171287,-0.747475498811004,-0.479801900346649,-0.781096743096913,-0.480903605980808,-0.747921434364454,-0.467251785805359,-0.761604877766174,-0.506042077411273,-0.587091650133747,-0.583848574432965,-0.727138019847621,-0.532406408840654,-0.703883777526136,-0.491075518843039,-0.70010267556754
"220",2022-08-08,-0.442849744034702,-0.743193107822214,-0.476782153554858,-0.776588025302176,-0.469154688136487,-0.743365566520201,-0.457747084098697,-0.756710921531635,-0.495966135618842,-0.576399253278442,-0.572665813134081,-0.722022151206892,-0.521944373696429,-0.697122034070806,-0.481040905509712,-0.694102659367067
"221",2022-08-09,-0.46425560798313,-0.752340537547599,-0.476604987257316,-0.785898734534586,-0.481465431293911,-0.752398841195742,-0.476856570979099,-0.76681382843989,-0.515445734970527,-0.588374848344527,-0.582630047338299,-0.731166622286106,-0.533848708099648,-0.708895336237111,-0.492553372629696,-0.703979713580598
"222",2022-08-10,-0.439246960154533,-0.742956220422631,-0.470901398613864,-0.777416082664808,-0.463490673066701,-0.743123538240063,-0.453589127199931,-0.757629971991023,-0.489343420227559,-0.574823469508429,-0.561294775766318,-0.722635556012715,-0.515720227403445,-0.699497103228641,-0.475759941166782,-0.694730480095696
"223",2022-08-11,-0.44428780670673,-0.74390147671184,-0.478477804770912,-0.779592782276266,-0.454678093569166,-0.744510087959616,-0.452870816758794,-0.759740716805898,-0.495828783409285,-0.574998392016014,-0.560053382830396,-0.727044706901467,-0.510736252930851,-0.701329789930952,-0.475759336910901,-0.696459375378168
"224",2022-08-12,-0.428452906653743,-0.742086325510189,-0.472536337497034,-0.775631316440442,-0.445194568306241,-0.741845672657788,-0.439341458294612,-0.756634987043744,-0.482310828028579,-0.567099198839556,-0.547877858543733,-0.722387524807953,-0.502273372294532,-0.697088585951541,-0.469138852164987,-0.691890794917773
"225",2022-08-13,-0.429434492037696,-0.74314796426019,-0.478431475521397,-0.776099047842074,-0.447543462356661,-0.742575990558161,-0.44047906308921,-0.75757174092106,-0.481546570433048,-0.567053945907239,-0.546754866545775,-0.722576522127047,-0.504200242293903,-0.698086201265171,-0.472241553826432,-0.692402946120971
"226",2022-08-14,-0.44005352587533,-0.738003203435606,-0.487987793585897,-0.763897999465685,-0.462715887746409,-0.733541686792791,-0.452886387298079,-0.749435208794619,-0.486239669224233,-0.568974904470883,-0.556238132709282,-0.713687743988588,-0.51500070077016,-0.694717246688089,-0.478578711513478,-0.683196282801226
"227",2022-08-15,-0.441147977083453,-0.743209828761183,-0.484937608210148,-0.773217537172191,-0.461417154896917,-0.74088228103613,-0.453511702107439,-0.756329196774093,-0.493517366915316,-0.572078483299879,-0.559575443319536,-0.721637327720013,-0.518171521111743,-0.69959907147838,-0.484497849179883,-0.6909714177847
"228",2022-08-16,-0.438778898620271,-0.73776746452294,-0.490555262525201,-0.762386670246281,-0.465565612181019,-0.731681598449999,-0.452297984171172,-0.749494083369196,-0.488273417525353,-0.576650985844884,-0.565120255356993,-0.714722716133147,-0.52095238720696,-0.696996259788236,-0.482782593421496,-0.68119983204145
"229",2022-08-17,-0.444838614234348,-0.745869759099848,-0.506549799984496,-0.778911959095158,-0.471716113848442,-0.743325965076742,-0.457384121731682,-0.761898775414333,-0.497763881914314,-0.586443375040597,-0.576985389116622,-0.728430994788212,-0.529832532506703,-0.7056809878437,-0.493966227410986,-0.693405719863437
"230",2022-08-18,-0.466287642021283,-0.75529982974384,-0.520421299485176,-0.79080653800987,-0.48951595073582,-0.754352723851522,-0.478182951014992,-0.772510776388904,-0.50877443610757,-0.589388896533354,-0.580057530734179,-0.739065761206975,-0.542180777134962,-0.715763461139467,-0.506252091597653,-0.705540517342275
"231",2022-08-19,-0.528908950105035,-0.779715496936059,-0.551005991457253,-0.811076046937293,-0.555134158465312,-0.778709777573121,-0.544520642495653,-0.794766423204742,-0.558179572373455,-0.632621230848976,-0.624675023831239,-0.761884945439352,-0.593236451585211,-0.742607461099768,-0.550040800915268,-0.733829700988563
"232",2022-08-20,-0.516631376753278,-0.778533066917096,-0.544678324065572,-0.810103617449301,-0.548270268746632,-0.777180813006442,-0.533948380995854,-0.794020194397197,-0.550938376642708,-0.628096139294896,-0.627268736433463,-0.761377466484858,-0.588448973710216,-0.741368175869766,-0.542084911682806,-0.731620265286734
"233",2022-08-21,-0.496918719913251,-0.77475861375232,-0.516109813255613,-0.808072199473748,-0.531215346930029,-0.773983765063452,-0.516758054034342,-0.790832587015097,-0.539083361739965,-0.621539745479147,-0.611504136834552,-0.757508496094635,-0.576792518593003,-0.736794911912568,-0.531923402431201,-0.727823928145836
"234",2022-08-22,-0.497610547527138,-0.77736517865117,-0.518518749597665,-0.812059902312491,-0.530622354848622,-0.777042821668423,-0.516728666405075,-0.794227983870336,-0.540449601920526,-0.623990550766806,-0.611939453592602,-0.76075801313642,-0.576474114039465,-0.739619153433696,-0.533067395896663,-0.730769492207833
"235",2022-08-23,-0.496160541143571,-0.773477471578177,-0.520975987902437,-0.809740608365868,-0.527747052489652,-0.774031695399261,-0.514083647365454,-0.792174538692369,-0.535236700631412,-0.621471794627923,-0.607517867440964,-0.75837011837112,-0.569895450881272,-0.736684645753529,-0.526786849103837,-0.727903387364519
"236",2022-08-24,-0.500567682563159,-0.774922290198996,-0.525126888875256,-0.811222404961639,-0.525500389143093,-0.775554167985757,-0.51560167701427,-0.793368219761968,-0.542600930629436,-0.623911168709094,-0.609761526543505,-0.760297875060309,-0.571797580987033,-0.738881646721726,-0.532311594287693,-0.73033669968266
"237",2022-08-25,-0.487328358399909,-0.772582933792767,-0.516979607953737,-0.809019207116103,-0.512713863212622,-0.77305417367162,-0.502521593525359,-0.791164773644117,-0.53408067436251,-0.620245022400181,-0.601666490994086,-0.757259831804302,-0.563683706876626,-0.736011601375786,-0.525686198308413,-0.727060192537653
"238",2022-08-26,-0.528409233227008,-0.787157917089684,-0.553532326783892,-0.82539101578524,-0.554715566925286,-0.788531844791944,-0.544057152060829,-0.805819234372143,-0.573821897376654,-0.644825222431105,-0.641350543101195,-0.774415192828328,-0.601543465663489,-0.753569624285653,-0.563064125109701,-0.745874916460173
"239",2022-08-27,-0.528036987553286,-0.788324061778678,-0.556415874753988,-0.825408326822531,-0.557339236401299,-0.789351949722362,-0.544339063043731,-0.806326035439398,-0.570677329313469,-0.648492436340709,-0.644556556975714,-0.775444083448499,-0.601598038789666,-0.753958762749619,-0.559617920882835,-0.746412352082939
"240",2022-08-28,-0.533134296856467,-0.795862141786148,-0.55889780888706,-0.831151379751208,-0.567375100923112,-0.7966081273548,-0.551396268583861,-0.813004618468536,-0.577330642464385,-0.656325750815564,-0.653652763096977,-0.783052700347094,-0.611833329183861,-0.761537034090347,-0.568777592664181,-0.754227536166768
"241",2022-08-29,-0.510471467887513,-0.787886195262464,-0.543258752657694,-0.823373332696131,-0.543953191232637,-0.788477450139798,-0.528132628084339,-0.804802937857743,-0.556435349156189,-0.64445695607415,-0.632552159058602,-0.774545996591304,-0.591422867866322,-0.752733631254759,-0.54997944505757,-0.745432178477613
"242",2022-08-30,-0.52334256725024,-0.79346386713711,-0.550967174156708,-0.829349489139623,-0.559334669891117,-0.794567045797682,-0.542749520087651,-0.8106437671449,-0.561210323268469,-0.653319883136239,-0.639183603636911,-0.780345722162366,-0.599808595315139,-0.759549729506977,-0.553633518449746,-0.752750877712019
"243",2022-08-31,-0.52342636961336,-0.79303323690952,-0.554475072842846,-0.82934116384468,-0.559491525476602,-0.794323549409795,-0.54246779435253,-0.810415626718632,-0.561116094345338,-0.649078954010424,-0.636547147654018,-0.779945427239422,-0.600430846011666,-0.7578931263181,-0.556835690248778,-0.75162183879057
"244",2022-09-01,-0.514190638962558,-0.790025634657633,-0.555785299594606,-0.827111954354081,-0.554973007359708,-0.791353713856992,-0.534349924544099,-0.807865316354443,-0.553847230610107,-0.647550499860692,-0.632783094628546,-0.776845463766659,-0.596109151440831,-0.755267019995907,-0.553739088836743,-0.748545146353972
"245",2022-09-02,-0.516733910366692,-0.791587976288497,-0.557383656239828,-0.828606784816978,-0.556359449680623,-0.79300387969626,-0.536217134387258,-0.809274139334141,-0.556416757658114,-0.650106764069184,-0.634535590466576,-0.777646597730353,-0.597912456169074,-0.756456826408788,-0.556045571414874,-0.750034689344106
"246",2022-09-03,-0.515702239031071,-0.790957952370804,-0.556809658308108,-0.826202250542548,-0.553930796691743,-0.791648308837335,-0.53420013212929,-0.807573124549899,-0.556157737387273,-0.651849697088647,-0.637024855293511,-0.775063939143619,-0.596587636719241,-0.754163894610431,-0.553590419631854,-0.7473436567933
"247",2022-09-04,-0.51245665029649,-0.788602075269581,-0.555121676009572,-0.823264268106664,-0.550252358825114,-0.789134269224759,-0.530515830492258,-0.804750882193356,-0.552214565292366,-0.649174161300809,-0.633708583323027,-0.771233210445646,-0.592249317954117,-0.751873268172284,-0.549082857055207,-0.745147273870251
"248",2022-09-05,-0.49080534427691,-0.789281662203722,-0.558565202530561,-0.825680449066334,-0.521040733684162,-0.790391127444827,-0.504250003960236,-0.806693724557007,-0.548338684250113,-0.65216392267824,-0.629801914919499,-0.7729811468138,-0.574903982453936,-0.753680312539042,-0.54217607443644,-0.746747902752371
"249",2022-09-06,-0.534932929574296,-0.799584784505834,-0.581519486309352,-0.837011845592187,-0.56620167585545,-0.80144788450476,-0.550305867006664,-0.817570399786835,-0.572643105904656,-0.669743414579056,-0.645411451583597,-0.784978826645935,-0.608136756661235,-0.766237198830449,-0.57051929028088,-0.759921708986877
"250",2022-09-07,-0.513438640590604,-0.791506697805272,-0.556639687214337,-0.831301822285298,-0.544220043966852,-0.793682384091492,-0.529752043715531,-0.810579889204836,-0.558838803470955,-0.661902723134591,-0.62776421568709,-0.779187760811879,-0.591003257330566,-0.759004483607018,-0.555925092073243,-0.752319571652153
"251",2022-09-08,-0.508129758141802,-0.790098184697247,-0.55375443495395,-0.830518403916431,-0.540080437326233,-0.792509258995408,-0.524499526629595,-0.809353793119082,-0.556211248136033,-0.661120725605806,-0.626021300581388,-0.777942481488196,-0.586420315305282,-0.757465893849746,-0.552952082449372,-0.751188048913362
"252",2022-09-09,-0.48398080120932,-0.779554404486987,-0.533801876481294,-0.82246715125404,-0.515101859170686,-0.782305002364576,-0.499711953591951,-0.800277236327736,-0.536170314433622,-0.627971159912349,-0.60817799111866,-0.768270942015654,-0.566322093738183,-0.7415920796683,-0.532988394939919,-0.736018935568786
"253",2022-09-10,-0.485732100642843,-0.776614797097697,-0.528179445769965,-0.819620947278185,-0.515533807987339,-0.779638568150054,-0.501871477212673,-0.798123709078249,-0.531015912737724,-0.622762150790335,-0.598804574440226,-0.765075128782488,-0.562750377475943,-0.738758355956736,-0.52776249267629,-0.733010018734115
"254",2022-09-11,-0.486945955215661,-0.77889788139071,-0.531063940937026,-0.822263908039965,-0.52028460775372,-0.782206028897878,-0.504346160502851,-0.800629210617091,-0.532178326428622,-0.621411720384432,-0.601729046072599,-0.767705696441185,-0.566346024793511,-0.740296432978301,-0.530910042409684,-0.735068930179806
"255",2022-09-12,-0.479559019380912,-0.778102660947978,-0.533453145061625,-0.823067744465565,-0.519537228809011,-0.781723714597348,-0.498947666701069,-0.800728851683616,-0.531740405034729,-0.611613852898092,-0.608963320121291,-0.768096825756305,-0.569103288944621,-0.738543366331307,-0.533490640725403,-0.733284179184273
"256",2022-09-13,-0.526480572701172,-0.795118055307156,-0.55972601085819,-0.83582378667858,-0.55479164823115,-0.797829356976708,-0.542503234226901,-0.815336429220645,-0.570585099932389,-0.648631301749518,-0.636474405834848,-0.781624254319785,-0.598962959449249,-0.758390785747074,-0.563291867647851,-0.752530551573699
"257",2022-09-14,-0.509743305819563,-0.791194048039473,-0.556864457910077,-0.833468969918616,-0.53460581794129,-0.79412333195875,-0.523157358733658,-0.81214882992322,-0.560833589829806,-0.649393751278322,-0.628525195826608,-0.779147453816831,-0.58519751293839,-0.756206979779128,-0.553237337503799,-0.749811703587551
"258",2022-09-15,-0.531910581052499,-0.800692090523858,-0.570686384433468,-0.840048504733376,-0.562588200309481,-0.803075571353017,-0.548182330707749,-0.819920635535224,-0.580935351084606,-0.658999899472516,-0.655872346507232,-0.786526316586893,-0.604166207229816,-0.764773366121382,-0.566563008623295,-0.758912782508214
"259",2022-09-16,-0.528855007820365,-0.789187586304634,-0.564641611499837,-0.835789539981555,-0.567110830653901,-0.793155494629946,-0.54872368280893,-0.811742683673212,-0.579959154477968,-0.657705722306339,-0.658872862117891,-0.783249237157297,-0.606622761551288,-0.757552621029105,-0.566816510511053,-0.751656256991333
"260",2022-09-17,-0.528453721761614,-0.780723002496187,-0.557410361898223,-0.832046232540072,-0.56256786583333,-0.785632158284235,-0.547196372619422,-0.805698282254837,-0.576218460240138,-0.651686666346245,-0.651518755582818,-0.779229122483258,-0.599558047418981,-0.749944628883189,-0.559154928160414,-0.74406410286028
"261",2022-09-18,-0.562177145511771,-0.796047153883964,-0.578409648183409,-0.84539744308231,-0.602966284004186,-0.800741782056967,-0.584483990522617,-0.819141616941751,-0.599751838895523,-0.664665535156003,-0.677284062841012,-0.791837991183334,-0.630229499332889,-0.76437526423798,-0.583501008126134,-0.759698564471545
"262",2022-09-19,-0.557232345899082,-0.784790492706855,-0.569388313246748,-0.841363516091926,-0.594676583960224,-0.791285454668876,-0.578583993183295,-0.81130109171377,-0.59669095899804,-0.662234498052329,-0.6687040865493,-0.78764133528262,-0.626561834894535,-0.756666415145096,-0.582117822035757,-0.752324918788906
"263",2022-09-20,-0.560383908481287,-0.777639730164529,-0.578505683759629,-0.843778411200079,-0.603149374353288,-0.786579335072556,-0.5832291136494,-0.80908314502258,-0.601027521071821,-0.673454043666455,-0.678945976991325,-0.790982325988286,-0.634662895449317,-0.754900399488708,-0.589170180769647,-0.750857107011014
"264",2022-09-21,-0.576309247740155,-0.785395901435624,-0.58101326448245,-0.847451733452003,-0.614182140364408,-0.793473450519302,-0.598134026456092,-0.815236980152721,-0.615387016649782,-0.679356156322224,-0.689346862621193,-0.795165539119802,-0.64430610625909,-0.762272159151778,-0.597492756434958,-0.757542530887678
"265",2022-09-22,-0.555758450596696,-0.756402511675534,-0.56440020217908,-0.840778647121774,-0.597665902903689,-0.770010733861377,-0.578987019163078,-0.796930105139326,-0.59762521928489,-0.665071088983482,-0.67404066762976,-0.788506133739609,-0.629636756523394,-0.743142152075787,-0.582996435629388,-0.739496167885026
"266",2022-09-23,-0.559082880513029,-0.747532394324563,-0.56261718546987,-0.836035684379828,-0.598692935783929,-0.761359870180398,-0.582017081321227,-0.790325069537022,-0.599946932438765,-0.666814900039481,-0.673329722446841,-0.784448400527143,-0.627766211526599,-0.7385687849395,-0.581522880496737,-0.732567624925901
"267",2022-09-24,-0.55968912902519,-0.754523978688668,-0.564979408815005,-0.83771969649251,-0.600325233908447,-0.766885710394979,-0.582859274512393,-0.794809665336226,-0.601682598712716,-0.672975883760085,-0.675496666453532,-0.78636998458116,-0.629282750049234,-0.744596557585442,-0.58360764004966,-0.737624977533101
"268",2022-09-25,-0.562442439292387,-0.755281493891371,-0.566690344454648,-0.841528732755597,-0.60240251402094,-0.768877103198706,-0.585255547012082,-0.797005486386606,-0.604713227054453,-0.675106327667288,-0.679187013552951,-0.78922164144427,-0.631103434206306,-0.745918332183138,-0.584775323597877,-0.740066914777301
"269",2022-09-26,-0.553737921760286,-0.763041308832574,-0.563743773954434,-0.841178733691902,-0.594796351217588,-0.774533504312335,-0.576146193686675,-0.800691409368663,-0.596872475207243,-0.668072995926691,-0.672941425760399,-0.786897810225143,-0.62570976950911,-0.74838580300475,-0.580312596155816,-0.742252449098399
"270",2022-09-27,-0.558011486466364,-0.769837757186457,-0.569360850296026,-0.842783774591184,-0.600298056769375,-0.78006028676698,-0.58087812367469,-0.805081801177098,-0.599138419825581,-0.669975884665265,-0.675613780244738,-0.788667499964867,-0.628571815651785,-0.752818506800346,-0.582841453319136,-0.746361350541179
"271",2022-09-28,-0.550858722503574,-0.769270239360972,-0.554781541679214,-0.842044923045168,-0.598598959634213,-0.779351400258814,-0.57724949791714,-0.804002711446636,-0.594309222843882,-0.66455775016051,-0.669477815145953,-0.786165134628753,-0.628456718488606,-0.751448711955178,-0.581726454420935,-0.745000102889237
"272",2022-09-29,-0.547831013550803,-0.758630528448185,-0.55161697194558,-0.841380924230318,-0.595116885704662,-0.771292680795616,-0.57397244298054,-0.798125916757101,-0.590487211149753,-0.662169043134322,-0.668574093765574,-0.785206465379096,-0.623947808837743,-0.744552733181373,-0.575218817152407,-0.739093481108754
"273",2022-09-30,-0.549624280632553,-0.760430211264908,-0.550985424335677,-0.841333352623558,-0.597142750643744,-0.772369120776914,-0.576239411572657,-0.79929711278978,-0.592167719683375,-0.664728950866976,-0.669335541474388,-0.786294552454286,-0.625875977921176,-0.746463742904653,-0.577172486885516,-0.74005451318578
"274",2022-10-01,-0.561702226414268,-0.762849840262437,-0.553075856831607,-0.843201351259918,-0.60383129910333,-0.774856300749697,-0.58702485745624,-0.801422978082601,-0.601431399189995,-0.666895999438307,-0.672191164738528,-0.788433636573843,-0.6317913382486,-0.746120901894945,-0.583431508168071,-0.74112328249975
"275",2022-10-02,-0.569486150007961,-0.773213932680541,-0.550617886827208,-0.846349426028665,-0.610700020901482,-0.783485783997236,-0.595622975358019,-0.808052164713011,-0.607503503830788,-0.671541157888977,-0.675937299017401,-0.79145463011545,-0.637299363230001,-0.752706951129547,-0.586952188454751,-0.747904814016533
"276",2022-10-03,-0.558959379352638,-0.767209754111896,-0.546528705984578,-0.843363336725997,-0.601386875926098,-0.778125886939007,-0.584832528927793,-0.803506224036975,-0.59763554750416,-0.661914456154438,-0.668515411369009,-0.787778778079891,-0.629531731724956,-0.748406997997042,-0.579482668600505,-0.743147829861144
"277",2022-10-04,-0.545186017018103,-0.757682681871147,-0.532114797243794,-0.835406999143611,-0.591185805065789,-0.767933515088341,-0.572919911354108,-0.795353938617179,-0.586500952554461,-0.650399831562625,-0.658482746138645,-0.781440624615205,-0.61963233289136,-0.740642582686247,-0.569295236009649,-0.732596672994451
"278",2022-10-05,-0.548067662757849,-0.755969219397206,-0.53553813095836,-0.837301422544781,-0.593889401271886,-0.767368668225326,-0.575552256192481,-0.795162385181142,-0.587962303283961,-0.653387533693566,-0.660898951544505,-0.783459603575558,-0.620192477662995,-0.74112864846718,-0.569337131642905,-0.733792060116893
"279",2022-10-06,-0.546135707835783,-0.756201108038702,-0.547550813444575,-0.83984313119782,-0.59559352356226,-0.768469157273613,-0.573732489226865,-0.796534928521384,-0.585452852663641,-0.656957180301279,-0.665332013998391,-0.786372806543385,-0.622453180623784,-0.742592989137867,-0.570808168661719,-0.735968822797458
"280",2022-10-07,-0.553089380167124,-0.749241452571549,-0.553029723152654,-0.841160210037403,-0.600961179131279,-0.763924494616419,-0.580055498618729,-0.793570057778068,-0.590712350102457,-0.663621872872551,-0.669763714256511,-0.787113868102319,-0.626472549988888,-0.740117284510542,-0.574626240000868,-0.734405935898196
"281",2022-10-08,-0.556209238387089,-0.750717400661261,-0.56374825882048,-0.842707515374403,-0.605556630472009,-0.765482124188222,-0.582752683364944,-0.794885418638709,-0.592910368063043,-0.665958429399586,-0.675784062862684,-0.789170905085214,-0.630421990619972,-0.740320058988525,-0.578496378665235,-0.735480793496822
"282",2022-10-09,-0.558110891211262,-0.745151664644935,-0.560964216145963,-0.841925976212666,-0.605660039630658,-0.761073785389254,-0.584380281379786,-0.791706221606794,-0.593116774271782,-0.665403652244554,-0.673883328595785,-0.788252603519692,-0.629010003705347,-0.736945563488741,-0.576608082380473,-0.732176304497093
"283",2022-10-10,-0.57493426922179,-0.761389937013221,-0.571229207828918,-0.848744654126762,-0.62556078007055,-0.775122849945739,-0.602755252959116,-0.802991493857553,-0.599239278735449,-0.671098859877828,-0.681599366655314,-0.795939144020857,-0.641485409604649,-0.748320546967135,-0.583972022526787,-0.74406661807247
"284",2022-10-11,-0.572616230262249,-0.765285879970471,-0.571923855338716,-0.849376148238015,-0.627405623328951,-0.777983610302566,-0.601962110033556,-0.805712036915673,-0.600078300711187,-0.672606948804515,-0.683359953810533,-0.796321597634557,-0.645534132883688,-0.752952992778822,-0.58923280943738,-0.746884238712027
"285",2022-10-12,-0.572282874210668,-0.764594908609486,-0.572555305930188,-0.850082349865964,-0.626749219269273,-0.777772936872206,-0.60135166300924,-0.805799500301911,-0.59844659688132,-0.670470612916932,-0.68163430514756,-0.793946696857942,-0.644374449328425,-0.751168890065117,-0.588063798787066,-0.745405282955143
"286",2022-10-13,-0.577654701087452,-0.768686149590001,-0.571169390125295,-0.852102870633788,-0.632431063984689,-0.781146297394838,-0.607550166893038,-0.808689268734192,-0.602421373902114,-0.666406522808591,-0.682011126256715,-0.791407145936313,-0.649519574357406,-0.75235952207239,-0.593171879603137,-0.746052025978419
"287",2022-10-14,-0.582110889097316,-0.76772357643467,-0.574781149838365,-0.854836020902937,-0.635423266003243,-0.781314749853547,-0.611546730522888,-0.809595698312529,-0.599068281098648,-0.669234500105202,-0.682114123477827,-0.789964318156593,-0.647852119247032,-0.751428603976871,-0.586710823169192,-0.745583465164681
"288",2022-10-15,-0.585395830597135,-0.76988388398011,-0.576630721078596,-0.853711407298629,-0.637348413155858,-0.78253642048312,-0.614178299790328,-0.8095988610571,-0.606057539419448,-0.670913781661886,-0.685686556507946,-0.787735792189315,-0.652199821868676,-0.75175017701292,-0.594175327933129,-0.746013660609207
"289",2022-10-16,-0.576612816715858,-0.768697198737935,-0.570181282477685,-0.851823148149026,-0.630500134214883,-0.781552766023197,-0.606047897731293,-0.808966512450344,-0.599356260498785,-0.667622861979838,-0.679410078421495,-0.787319338310403,-0.646328413827016,-0.750477243154177,-0.589179744606839,-0.744879622708352
"290",2022-10-17,-0.572541707822302,-0.767084538296945,-0.565491134690004,-0.849945541121789,-0.624895998596495,-0.779598119462325,-0.601474615796207,-0.80706929957291,-0.59492753752993,-0.662868551428218,-0.674515551341339,-0.784829643107622,-0.641090801081694,-0.747935011809315,-0.58362538479537,-0.74199962508684
"291",2022-10-18,-0.57073865970418,-0.773125828803831,-0.569133707630103,-0.852231733563491,-0.62629124454318,-0.784507162608217,-0.600378155024884,-0.811269026600408,-0.595364518253339,-0.666871881417312,-0.678557749157881,-0.788593350736207,-0.644290261858854,-0.752822757668323,-0.586786901390548,-0.746377135015343
"292",2022-10-19,-0.576113365299602,-0.780821244972496,-0.571077861825832,-0.856757477450614,-0.634036817434322,-0.791342619912253,-0.607110652402461,-0.817347357287366,-0.599334760011762,-0.670461769372611,-0.68244285546924,-0.793180168489283,-0.651326078191537,-0.758250090455894,-0.592647957377787,-0.751801140269517
"293",2022-10-20,-0.585685805664814,-0.781558279512797,-0.575373063060752,-0.856217799966245,-0.639613657794967,-0.791542945413072,-0.615161150773476,-0.81761854628604,-0.603060947903794,-0.671954013625969,-0.684301321276343,-0.793154826646211,-0.654023182061698,-0.759031143829225,-0.593768866787381,-0.751850836423917
"294",2022-10-21,-0.585104162851008,-0.777378340465169,-0.574160539473458,-0.855385985483704,-0.637970447599601,-0.788258312657152,-0.614263001289667,-0.814715734181975,-0.603132386112818,-0.669993194415071,-0.681740074386182,-0.79233777457298,-0.652812078341048,-0.756719923249051,-0.594129623677666,-0.750015871347625
"295",2022-10-22,-0.578212738132868,-0.775890632586502,-0.573467245181604,-0.855189298422985,-0.631084498629586,-0.787039393589949,-0.606923745906214,-0.813991354251716,-0.599862090684119,-0.66926290541953,-0.679667478898349,-0.791026216757457,-0.648434182236865,-0.755411026136223,-0.591467720716175,-0.748499683025004
"296",2022-10-23,-0.57253652761904,-0.773884486648063,-0.564834675275532,-0.853314026508613,-0.626163883808158,-0.784938932748622,-0.601979485999701,-0.811910353568082,-0.593115023062756,-0.663391062423953,-0.670415313153733,-0.789764008026271,-0.643163995580258,-0.753034083233971,-0.586479776386756,-0.746103765323083
"297",2022-10-24,-0.577692211230424,-0.78043635119298,-0.568047060180111,-0.856462266652914,-0.632343096789141,-0.79068860854221,-0.607718138699867,-0.816945927960977,-0.597129092930334,-0.667292146222758,-0.673935957740813,-0.792919579372463,-0.648730649971461,-0.757770301321775,-0.591573849259854,-0.750768737769577
"298",2022-10-25,-0.56595762353699,-0.774663247029408,-0.551878167812892,-0.84983803503051,-0.617615203675194,-0.784043463447209,-0.595646841109917,-0.810712251132047,-0.583905987222364,-0.654869516958031,-0.653867189023982,-0.785883627161976,-0.635479215249062,-0.750814764887575,-0.580068148809065,-0.74255236652896
"299",2022-10-26,-0.556900580036551,-0.765632699031277,-0.542600597109653,-0.83664743276524,-0.608290832218392,-0.771941052878,-0.58658667200377,-0.800412105127413,-0.570465894577253,-0.643830253708864,-0.637652508954198,-0.774279651244344,-0.626245004258174,-0.741888074109477,-0.570747011618835,-0.728281818914864
"300",2022-10-27,-0.56226585036306,-0.76608825614539,-0.548210985882027,-0.832504497414712,-0.615978961660649,-0.770190140653293,-0.592980763046401,-0.799020392340278,-0.577115580107065,-0.651960362621977,-0.646401453968876,-0.771854666135961,-0.633508691869295,-0.743473677692845,-0.577336332222355,-0.726556583040931
"301",2022-10-28,-0.553757319482743,-0.757513564214571,-0.53095152808236,-0.822577921944187,-0.60694593610566,-0.759889068613171,-0.585492671433628,-0.790262478421537,-0.570352718282331,-0.647004626302922,-0.635088991184618,-0.765318749825523,-0.625718387153279,-0.737304265852954,-0.569972986415999,-0.716675373649234
"302",2022-10-29,-0.546526915352342,-0.738337283504814,-0.521277834627982,-0.781031787616973,-0.601040579809147,-0.728050671903282,-0.579285408561889,-0.762727257178469,-0.561223958383934,-0.642448147309123,-0.623646644662034,-0.727837871683146,-0.617793845042971,-0.717663241906076,-0.562108496828842,-0.677511925255611
"303",2022-10-30,-0.548632835006826,-0.742603613610755,-0.506511476170931,-0.784025691163957,-0.604803296186767,-0.733039563381226,-0.583955451834069,-0.766286648101291,-0.565756618767307,-0.645798405878984,-0.622077075978092,-0.732468281000083,-0.621513263041089,-0.722828148585552,-0.565635988867187,-0.684751474203038
"304",2022-10-31,-0.541241801136854,-0.735771930219286,-0.487065771312947,-0.773598808419358,-0.600942186975802,-0.723292700990191,-0.579788014200469,-0.758197725843615,-0.563689592897607,-0.647999259133131,-0.61744034892885,-0.723645529343347,-0.619761994690995,-0.717866770422283,-0.563125666875695,-0.674394558955685
