"","Date","EW","InvInef"
"1",2020-01-01,0.0172420262703141,0.0281351767433045
"2",2020-01-02,-0.0234132406510609,-0.00799160839273572
"3",2020-01-03,0.0320384210157065,0.00241217682303851
"4",2020-01-04,0.0200120929930279,0.0134319396170148
"5",2020-01-05,0.0153579854918395,0.0166151816398685
"6",2020-01-06,0.0578319696721645,0.0606489261289254
"7",2020-01-07,0.00428033956990692,0.017100035605675
"8",2020-01-08,-0.0190322157858874,-0.0245449794420814
"9",2020-01-09,-0.0114640942241782,-0.0146693478692962
"10",2020-01-10,0.0311265365588007,0.0324153978515258
"11",2020-01-11,0.00316980945035006,0.0010793596766101
"12",2020-01-12,0.0214687328619507,0.0269975010815207
"13",2020-01-13,-0.012139357569794,-0.0181749135216819
"14",2020-01-14,0.116323837145004,0.121784718294923
"15",2020-01-15,0.0207110559369315,-0.00198714954587231
"16",2020-01-16,-0.000463181768190934,0.0116644479614334
"17",2020-01-17,0.0737324964828516,0.080392589223939
"18",2020-01-18,-0.0356291254304997,-0.0364208113303831
"19",2020-01-19,-0.0248614389460792,-0.0218677906935547
"20",2020-01-20,0.0100356249261075,0.0171535945943833
"21",2020-01-21,0.0122218104000378,0.0155831433761642
"22",2020-01-22,-0.00253704758127093,-0.00226080542811213
"23",2020-01-23,-0.0611265999337393,-0.080420196395546
"24",2020-01-24,0.00138911424746313,0.00291771105853522
"25",2020-01-25,-0.0118712324431872,-0.0115515983977504
"26",2020-01-26,0.0507789365868418,0.0568827798958573
"27",2020-01-27,0.0418304592798624,0.0529196100207874
"28",2020-01-28,0.0199080230101827,-0.00729238913372565
"29",2020-01-29,0.0208516625026489,0.0256476654283131
"30",2020-01-30,0.032422767484003,0.0280810339754645
"31",2020-01-31,-0.0271110246813197,-0.0261733660163569
"32",2020-02-01,0.0196707729337484,0.0319309416804168
"33",2020-02-02,0.0101118132281912,0.00914157719586561
"34",2020-02-03,-0.00113204328770167,-0.0106926104409368
"35",2020-02-04,0.00173485458528355,0.0064392083619802
"36",2020-02-05,0.0596309048050854,0.0585106357316951
"37",2020-02-06,0.0224531589681951,0.0259385751576606
"38",2020-02-07,0.00890455780541255,-0.00661707346413298
"39",2020-02-08,0.0168432283638966,0.0148647759562595
"40",2020-02-09,0.0355719553832186,0.0322439662161975
"41",2020-02-10,-0.00772851734687485,-0.00824706606327619
"42",2020-02-11,0.0451290996548803,0.0566538953251863
"43",2020-02-12,0.0373294355354561,0.0429493995370596
"44",2020-02-13,-0.0114603647534471,-0.011809843293747
"45",2020-02-14,0.0393070437386307,0.0395672617095548
"46",2020-02-15,-0.0833005182360723,-0.0846809721959056
"47",2020-02-16,-0.0283748761434121,-0.0264878328624898
"48",2020-02-17,-0.0206576980614025,-0.0249778580316679
"49",2020-02-18,0.0455416686817074,0.0426202945922904
"50",2020-02-19,-0.07570285637345,-0.0739807583493973
"51",2020-02-20,-0.00896488090321956,-0.00644096191339472
"52",2020-02-21,0.0126603858307517,0.00698529939360837
"53",2020-02-22,-0.014117213891833,-0.0135148202050386
"54",2020-02-23,0.0463308903364257,0.0474513361907289
"55",2020-02-24,-0.0510374170715564,-0.048866920929279
"56",2020-02-25,-0.0568633064964931,-0.0543407052924497
"57",2020-02-26,-0.0890580333897982,-0.0822082777386492
"58",2020-02-27,0.0121567617348421,0.00250760555024421
"59",2020-02-28,-0.0229787778023915,-0.0390233382567664
"60",2020-02-29,-0.015818947725456,-0.0167635878596148
"61",2020-03-01,-0.00840508987018196,-0.00874527758508503
"62",2020-03-02,0.0548291586063765,0.05164313404762
"63",2020-03-03,0.00236769253517743,-0.000502238730345383
"64",2020-03-04,-0.00201959960428977,-0.000365272197797584
"65",2020-03-05,0.0369626453690954,0.0386493112287061
"66",2020-03-06,0.017254969207481,0.0119706327406606
"67",2020-03-07,-0.0470051083842676,-0.0450168264892105
"68",2020-03-08,-0.135205524281632,-0.135812767373696
"69",2020-03-09,-0.00689259790733632,-0.00739564886855082
"70",2020-03-10,0.0079132933788193,0.00205867054951114
"71",2020-03-11,-0.0255486395677065,-0.0270866638399395
"72",2020-03-12,-0.466736212666646,-0.45750517257603
"73",2020-03-13,0.123376560155173,0.136672217065236
"74",2020-03-14,-0.0825215762560702,-0.0984281053412391
"75",2020-03-15,0.0257813291582067,0.0131115687104073
"76",2020-03-16,-0.102374266978307,-0.107542277500442
"77",2020-03-17,0.0448045389962777,0.0439700973047565
"78",2020-03-18,0.0344017420646288,0.0681399148220319
"79",2020-03-19,0.147884188645256,0.141039231257775
"80",2020-03-20,-0.0205996910377487,-0.0249245632466586
"81",2020-03-21,0.000756805411756378,-0.00235703051440672
"82",2020-03-22,-0.0703642125595637,-0.0691547229248198
"83",2020-03-23,0.0714788908811164,0.0677118620733572
"84",2020-03-24,0.0110618737322239,-0.017457634342555
"85",2020-03-25,-0.0211257627476753,-0.0224023419132777
"86",2020-03-26,0.0251957238204041,0.0308052531049825
"87",2020-03-27,-0.03317610884074,-0.032401583755715
"88",2020-03-28,-0.0333581146982894,-0.0372500219315185
"89",2020-03-29,-0.0491732269873175,-0.0468249766722415
"90",2020-03-30,0.064410048907156,0.0646045024989537
"91",2020-03-31,0.0236953492687042,0.0344918030811037
"92",2020-04-01,0.00464833002409293,-0.00168435494153385
"93",2020-04-02,0.0212124524655835,0.0218365325443159
"94",2020-04-03,0.00620407573044623,0.0112482909524259
"95",2020-04-04,0.0188585105260708,0.024806785103114
"96",2020-04-05,-0.0114521810435739,-0.0201917129185882
"97",2020-04-06,0.0934700946697355,0.104117049242087
"98",2020-04-07,0.00300422672577105,0.0163883194089554
"99",2020-04-08,0.0226442056726919,-0.00276759777296109
"100",2020-04-09,0.0108080019835297,0.0110354072520078
"101",2020-04-10,-0.0787105447484073,-0.085083538745043
"102",2020-04-11,0.00530039875785104,0.00999093651533922
"103",2020-04-12,0.0124603136469861,0.00320724315355925
"104",2020-04-13,-0.0175383160213113,-0.0132381095714962
"105",2020-04-14,-0.00182355950303092,-0.0018175768499511
"106",2020-04-15,-0.0286796608376789,-0.032929593780865
"107",2020-04-16,0.0743930621822715,0.0799408327810152
"108",2020-04-17,0.0015994296411681,0.00210683450265559
"109",2020-04-18,0.0396131321855615,0.041346346016689
"110",2020-04-19,-0.0141547877045474,-0.0145425897382639
"111",2020-04-20,-0.0460120533982461,-0.0446410011211621
"112",2020-04-21,0.00317724298421784,0.00414079154856806
"113",2020-04-22,0.0384765558570173,0.0394924679202067
"114",2020-04-23,0.028817262930819,0.0346800914668004
"115",2020-04-24,0.0177033416617816,0.0192731146128737
"116",2020-04-25,0.00776583928451968,0.00794716555680597
"117",2020-04-26,0.0208505954218028,0.0260591449351124
"118",2020-04-27,0.00571407491071252,0.00610786608820146
"119",2020-04-28,0.0144701458283851,0.0128381374179649
"120",2020-04-29,0.0679489253164773,0.073953966473522
"121",2020-04-30,-0.05223246745512,-0.0595872013250449
"122",2020-05-01,0.0338085369570864,0.0417058408475182
"123",2020-05-02,0.0188413879912486,0.0119444635542594
"124",2020-05-03,-0.0277023098199143,-0.0305516266192479
"125",2020-05-04,-0.0036470061293199,-0.00273673208553116
"126",2020-05-05,-0.00765392745319893,-0.00580754592383903
"127",2020-05-06,-0.00818009003965703,-0.00821128677677829
"128",2020-05-07,0.030196382990475,0.0280481357699385
"129",2020-05-08,0.0119017279328959,0.0118439888122828
"130",2020-05-09,-0.0046052603116683,-5.16970342263612e-05
"131",2020-05-10,-0.100312724860531,-0.106187471158564
"132",2020-05-11,-0.0169880676747863,-0.00995225144941592
"133",2020-05-12,0.0448638064809743,0.0436550439979015
"134",2020-05-13,0.0181574833160199,0.0161937957700109
"135",2020-05-14,0.0118290652734463,0.0100884947222186
"136",2020-05-15,-0.0251047513614298,-0.0237736565686438
"137",2020-05-16,0.013380562805402,0.0136794073084945
"138",2020-05-17,0.018282702405805,0.0206146461307795
"139",2020-05-18,0.0215761564438328,0.0251258171643691
"140",2020-05-19,0.00362954280299244,0.00782948040761977
"141",2020-05-20,-0.00641371106086286,-0.0021203473500776
"142",2020-05-21,-0.0461763189356312,-0.0529249347162919
"143",2020-05-22,0.0348948183044937,0.0353441376082133
"144",2020-05-23,8.98109214066967e-05,-0.000384003317988268
"145",2020-05-24,-0.0321047287371855,-0.0270029671542846
"146",2020-05-25,0.0170933724837261,0.00759556781175652
"147",2020-05-26,-0.0105002271573064,-0.00916944262804087
"148",2020-05-27,0.0237662297535861,0.0316967545008184
"149",2020-05-28,0.0333899948984886,0.0514859096196962
"150",2020-05-29,0.000398671708802256,0.00264589244345959
"151",2020-05-30,0.0630509879816203,0.0841275973481046
"152",2020-05-31,-0.0315751212574408,-0.0304010124845794
"153",2020-06-01,0.0518772794338698,0.0560895665271601
"154",2020-06-02,-0.0275425388882817,-0.0280853480968538
"155",2020-06-03,0.0218521410931425,0.0295908181579203
"156",2020-06-04,0.0100981164436189,0.017875506051553
"157",2020-06-05,-0.0159750786784981,-0.0275786890952661
"158",2020-06-06,0.00291373150942698,0.0101345289487027
"159",2020-06-07,0.00165366313756454,-0.00183798100000609
"160",2020-06-08,0.00659981846440627,0.00896523120227433
"161",2020-06-09,-0.00641783525277173,-0.00727771672614919
"162",2020-06-10,0.0124581749153641,0.0135569370426563
"163",2020-06-11,-0.0841088296968535,-0.092647598291446
"164",2020-06-12,0.0309979986125208,0.0365694917659307
"165",2020-06-13,0.00744905251415684,0.00585479002928313
"166",2020-06-14,-0.02215592677587,-0.0231699391079034
"167",2020-06-15,-0.00500915458831142,-0.000985297235723603
"168",2020-06-16,0.00711352113024866,0.00262189994293704
"169",2020-06-17,0.00865725290433739,0.0183685200680694
"170",2020-06-18,-0.00968001844209654,-0.0132373680498866
"171",2020-06-19,-0.0168949351258328,-0.0171917415952588
"172",2020-06-20,0.00720090850287813,0.00577755951483261
"173",2020-06-21,-0.00289316741474444,-0.00303700546587349
"174",2020-06-22,0.0363327261717421,0.0394534048595157
"175",2020-06-23,0.0125506771925357,0.00962576455725728
"176",2020-06-24,-0.0305718769531904,-0.0285432756046778
"177",2020-06-25,-0.00109217062041933,0.00184475248358473
"178",2020-06-26,-0.0148238581648359,-0.0160449074375011
"179",2020-06-27,-0.0438459532145201,-0.0489537215921656
"180",2020-06-28,0.0146438748233726,0.01786779784459
"181",2020-06-29,0.0130091828681302,0.0194652119974219
"182",2020-06-30,-0.00258118775577787,-0.000176129421127436
"183",2020-07-01,0.0297718607869197,0.0477841092928699
"184",2020-07-02,-0.000686989850950503,-0.000699397636379273
"185",2020-07-03,-0.000973749199850826,0.0177025263137081
"186",2020-07-04,0.013237504856223,0.0167080546134741
"187",2020-07-05,-0.0135465672243765,-0.0157212976984515
"188",2020-07-06,0.0664370610740954,0.0643064049704691
"189",2020-07-07,0.0184159951575125,0.0351911200257768
"190",2020-07-08,0.0927051294686685,0.0875844417960892
"191",2020-07-09,-0.0203603960455523,-0.0243982729853826
"192",2020-07-10,-0.0336380964327498,-0.0349284230781292
"193",2020-07-11,0.0169171337278631,0.0171825459009947
"194",2020-07-12,0.0209934800438769,0.0187679876972835
"195",2020-07-13,-0.0215921166573776,-0.0214209591366362
"196",2020-07-14,0.0248207278446078,0.0292959671374657
"197",2020-07-15,0.000187795917081957,-0.00299156094254338
"198",2020-07-16,-0.0190185816994098,-0.0222317475896613
"199",2020-07-17,0.00433485773714071,-0.00131086120514357
"200",2020-07-18,0.00100080345860531,-0.00338101284785053
"201",2020-07-19,0.00867804210586343,0.00994783393830478
"202",2020-07-20,-0.0286408106133561,-0.0297744802909046
"203",2020-07-21,0.0305590274160807,0.0347095352692959
"204",2020-07-22,0.0223543412641505,0.0204849818082602
"205",2020-07-23,0.0117078879364729,0.00766844680185819
"206",2020-07-24,-0.0181024223669998,-0.0181673604463098
"207",2020-07-25,0.0511412788449912,0.0741506428998049
"208",2020-07-26,0.00517632439963989,0.0130791770137533
"209",2020-07-27,0.00256742172706237,-0.0108711677179528
"210",2020-07-28,0.024150289431057,0.0336888604886458
"211",2020-07-29,-0.00349537145743917,-0.0152012997008428
"212",2020-07-30,0.0109204074219358,0.0104804307157151
"213",2020-07-31,0.0178687086970044,0.0118848666684992
"214",2020-08-01,0.0743594247661592,0.0700991308134722
"215",2020-08-02,-0.0525661729420458,-0.0566887970475889
"216",2020-08-03,0.0372941996317466,0.0319872023353942
"217",2020-08-04,0.0142597574747358,0.0166712203828567
"218",2020-08-05,0.0249417759381658,0.0210170627118587
"219",2020-08-06,0.0159126363668667,0.0167445223297107
"220",2020-08-07,-0.011765303730279,-0.0152205603285666
"221",2020-08-08,0.0564003820527232,0.0511574195123894
"222",2020-08-09,0.00640654454470679,0.00349174976521649
"223",2020-08-10,0.00448810115207188,0.00324861905804119
"224",2020-08-11,-0.0544831335432708,-0.0563555494793426
"225",2020-08-12,0.0598838377391333,0.0474279016188077
"226",2020-08-13,0.0549241510343081,0.0533152887659853
"227",2020-08-14,0.000831451760375579,-0.00491966101983243
"228",2020-08-15,0.0301929216070138,0.0237334640965379
"229",2020-08-16,0.0249733970388772,0.0224521800576092
"230",2020-08-17,-0.000835821665852166,0.00221656831890837
"231",2020-08-18,-0.0298010514348414,-0.0290738235781395
"232",2020-08-19,-0.0454765371090069,-0.0473154519342103
"233",2020-08-20,0.0257325477787691,0.0258319414875146
"234",2020-08-21,-0.0747886909292785,-0.0745568942237137
"235",2020-08-22,0.0389703363373897,0.034382253879117
"236",2020-08-23,-0.0111488690423598,-0.00923958216233278
"237",2020-08-24,0.0173171083486057,0.0196957337591297
"238",2020-08-25,-0.0635509382343051,-0.0680271469373608
"239",2020-08-26,0.0168818333177141,0.0138415606443503
"240",2020-08-27,-0.0271057999745191,-0.0327760588272019
"241",2020-08-28,0.0418410459177094,0.0429064927019527
"242",2020-08-29,0.0231010552853159,0.0262607571539411
"243",2020-08-30,0.0170581502415301,0.015179947349012
"244",2020-08-31,-0.00616490227622979,0.000847624197500396
"245",2020-09-01,0.0401458019244629,0.0360852907037752
"246",2020-09-02,-0.063436121653202,-0.0681324981202447
"247",2020-09-03,-0.158904580710389,-0.168818265803575
"248",2020-09-04,0.0261108804832086,0.0348010947694941
"249",2020-09-05,-0.101162717133316,-0.102501864209728
"250",2020-09-06,0.057219936234183,0.0496416633071779
"251",2020-09-07,-0.00299361499881035,-0.00141050344890881
"252",2020-09-08,-0.0199373231394808,-0.0235870691502182
"253",2020-09-09,0.0215200236004438,0.0220279129953638
"254",2020-09-10,0.0204306242847083,0.0228151218766302
"255",2020-09-11,0.00987902572291177,0.00754764204894309
"256",2020-09-12,0.0167836562681145,0.0139500160575277
"257",2020-09-13,-0.0196859321673408,-0.0200597329505502
"258",2020-09-14,0.010061498923901,0.0102780603752313
"259",2020-09-15,-0.0483476775141812,-0.043859369294678
"260",2020-09-16,-0.00573340295629532,-0.00767786751448196
"261",2020-09-17,0.0170506861779312,0.0209730360801603
"262",2020-09-18,-0.0187297432130202,-0.0207686952702085
"263",2020-09-19,0.00519118759644566,0.00557885522074431
"264",2020-09-20,-0.0279985381270281,-0.0293339253474232
"265",2020-09-21,-0.0856918308201452,-0.0880024417262844
"266",2020-09-22,0.0170463715970031,0.0190003152774556
"267",2020-09-23,-0.0540651888768879,-0.0544399225597522
"268",2020-09-24,0.0761424107984714,0.0739123113417142
"269",2020-09-25,0.0302310771594825,0.0451912570908857
"270",2020-09-26,0.00481022630676042,0.00422654609359996
"271",2020-09-27,0.00680105606217252,0.0124405510422028
"272",2020-09-28,-0.00825953095366749,-0.00297074864656643
"273",2020-09-29,0.0257399942774128,0.0287290535317959
"274",2020-09-30,0.00609675042771274,0.00826672055834976
"275",2020-10-01,-0.0233370971997983,-0.0237375794646131
"276",2020-10-02,-0.0251809310558355,-0.0317802850231172
"277",2020-10-03,0.000952493823902945,-0.000763595359324354
"278",2020-10-04,0.0163300544990781,0.0203507778394656
"279",2020-10-05,0.0117096717503,0.011298411331278
"280",2020-10-06,-0.042366405093665,-0.0444923547741835
"281",2020-10-07,0.0101784296667937,0.0102205139696208
"282",2020-10-08,0.0188802237804548,0.0202626510369976
"283",2020-10-09,0.0399780539429595,0.0453625343889166
"284",2020-10-10,0.0157438318484422,0.0238552699566694
"285",2020-10-11,0.020622210656255,0.0207568095990918
"286",2020-10-12,0.0221296262642769,0.0229531088487007
"287",2020-10-13,-0.00700589724012524,0.00113666619137875
"288",2020-10-14,-0.00849122446615314,-0.0141753007883395
"289",2020-10-15,0.0191204887669438,0.046071167101464
"290",2020-10-16,-0.0351982890440156,-0.0536737590965674
"291",2020-10-17,0.00946977878518362,0.0085154906139957
"292",2020-10-18,0.00281301079507612,-0.00907017572026414
"293",2020-10-19,0.00434993968518271,0.00705307403120958
"294",2020-10-20,-0.0437995412500944,-0.0502363646766824
"295",2020-10-21,0.0459767664061927,0.0385943367627517
"296",2020-10-22,0.0346324939147287,0.0318848339845748
"297",2020-10-23,-0.00298879086618553,-0.00481478503720367
"298",2020-10-24,0.0169922612426938,0.0162308638073041
"299",2020-10-25,-0.00924901250459542,0.00183095499574071
"300",2020-10-26,-0.0203433107983892,-0.0281259600854766
"301",2020-10-27,0.0116337133373994,0.0104445192435911
"302",2020-10-28,-0.0370863507353432,-0.0386195426635279
"303",2020-10-29,-0.0115655790596102,-0.0161442599978704
"304",2020-10-30,-0.0109722461349504,-0.0148802891446957
"305",2020-10-31,0.00913722388158522,0.00974016456886595
"306",2020-11-01,0.00935420448420654,0.0155737933881739
"307",2020-11-02,-0.0411841827610943,-0.0455911198218601
"308",2020-11-03,-0.00639292418055826,-0.00468511631722279
"309",2020-11-04,0.00441958819124322,0.00678666255792115
"310",2020-11-05,0.0493922276122238,0.0442850243050761
"311",2020-11-06,0.0578225811155211,0.0685291222914128
"312",2020-11-07,-0.0489321625411446,-0.0535394650546032
"313",2020-11-08,0.0449124669952707,0.0464833126878426
"314",2020-11-09,-0.00551727298353921,-0.00491246372894028
"315",2020-11-10,0.00187570559387762,-0.000195647813561184
"316",2020-11-11,-0.000799688262107634,-0.0011211446962397
"317",2020-11-12,0.000758268253128191,-0.00125706672588699
"318",2020-11-13,0.0258194354576911,0.0255416163103948
"319",2020-11-14,-0.0100384124797545,-0.0107475386729129
"320",2020-11-15,-0.0166026660529628,-0.0210400616567207
"321",2020-11-16,0.0399216252439942,0.0400341322556661
"322",2020-11-17,0.0406678846807464,0.0433388780355446
"323",2020-11-18,-0.00542140521481804,-0.00945478644290165
"324",2020-11-19,0.0112432845453547,0.011466600875949
"325",2020-11-20,0.0558552869131306,0.063974455321691
"326",2020-11-21,0.0784020833459815,0.0788344806176424
"327",2020-11-22,-0.0109927155963647,0.00565401853827674
"328",2020-11-23,0.0960375104370423,0.0896275530392192
"329",2020-11-24,0.0646040610880281,0.0620043394652738
"330",2020-11-25,-0.0659040178721886,-0.0650725558481267
"331",2020-11-26,-0.118700214570885,-0.116665158124215
"332",2020-11-27,0.024753054369818,0.0235754712914034
"333",2020-11-28,0.0445780927141299,0.0592488515811751
"334",2020-11-29,0.0191672253371524,0.019751522389742
"335",2020-11-30,0.0506004737377359,0.0458945165987559
"336",2020-12-01,-0.0552824715732062,-0.0595447150246846
"337",2020-12-02,0.0235798852223541,0.0225292686388612
"338",2020-12-03,0.0151046782619471,0.0183423891273848
"339",2020-12-04,-0.0721187648143762,-0.0761032012842943
"340",2020-12-05,0.0487082298676875,0.0544214896496182
"341",2020-12-06,0.0138999678178142,0.0104738549063892
"342",2020-12-07,-0.00369503945306704,-0.00457024081584767
"343",2020-12-08,-0.0764966614249907,-0.0785665700699032
"344",2020-12-09,0.0351791163081738,0.0377413520436423
"345",2020-12-10,-0.0315864210237504,-0.0330922989315711
"346",2020-12-11,-0.0177717216531481,-0.0176763211347984
"347",2020-12-12,0.0304180224213977,0.0320781982623828
"348",2020-12-13,0.0372229520906846,0.0408598945062262
"349",2020-12-14,-0.00217819895917271,0.00142961072139713
"350",2020-12-15,-0.0143052061361711,-0.0160093203105065
"351",2020-12-16,0.0708921941498197,0.0695742097730934
"352",2020-12-17,0.00416412359689877,-0.00177740502789603
"353",2020-12-18,0.00704689579543571,0.00677490712637541
"354",2020-12-19,0.00943042686115714,0.00697973103462979
"355",2020-12-20,-0.0140962712579753,-0.0168972828560091
"356",2020-12-21,-0.0564109312447691,-0.0605853175272232
"357",2020-12-22,0.0145085682578157,0.018587887688744
"358",2020-12-23,-0.153468712933528,-0.150246204814781
"359",2020-12-24,0.0908378094146052,0.0944149972351733
"360",2020-12-25,0.0199903231368876,0.0234790111440411
"361",2020-12-26,-0.00161216500305861,-0.0017833880022825
"362",2020-12-27,0.00973885581446221,0.00400804312366043
"363",2020-12-28,0.0398398127030395,0.0542679955879708
"364",2020-12-29,-0.00332812695690576,0.00938338403298311
"365",2020-12-30,-0.0141241904263145,-0.0196727444489818
"366",2020-12-31,-0.0150214538847524,-0.015069403413989
"367",2021-01-01,0.00243163196260254,-0.0108437608785821
"368",2021-01-02,0.0460035769594569,0.0231040491266095
"369",2021-01-03,0.0588786315371472,0.07876963348929
"370",2021-01-04,0.0251871469144977,0.0286962683646868
"371",2021-01-05,0.035250222895977,0.0396999151761206
"372",2021-01-06,0.118008162636805,0.109819020905327
"373",2021-01-07,0.0130351951160741,0.00628449930789921
"374",2021-01-08,-0.00755471219701997,-0.00934503446543722
"375",2021-01-09,0.0681772077005909,0.0772138953503803
"376",2021-01-10,-0.0124422246561752,0.0129986016162253
"377",2021-01-11,-0.12551480642498,-0.139595595865056
"378",2021-01-12,0.000425780187747193,0.0100150322020034
"379",2021-01-13,0.0782443814111711,0.0841807409252566
"380",2021-01-14,0.0130386578889168,0.00497455904787936
"381",2021-01-15,-0.0228836688315691,-0.0275616823255289
"382",2021-01-16,0.0252605088416793,0.0357865760575908
"383",2021-01-17,0.0166020881633993,0.0107777126063613
"384",2021-01-18,0.0126599817123749,0.0134236512466288
"385",2021-01-19,-0.00350241078717684,0.000751009650831858
"386",2021-01-20,-0.000788979600361284,-4.30151299242176e-05
"387",2021-01-21,-0.138422684056407,-0.141324365510144
"388",2021-01-22,0.0759195685797318,0.0788918693783836
"389",2021-01-23,0.0292283906623105,0.0265269398159043
"390",2021-01-24,0.00971539175047997,0.00992354217055769
"391",2021-01-25,-0.0229948441076041,-0.0221826127967342
"392",2021-01-26,-0.00416144882412195,-0.00425878209703723
"393",2021-01-27,-0.0790730208439486,-0.0824389378247945
"394",2021-01-28,0.16228554781532,0.111302909631418
"395",2021-01-29,0.052767026146638,0.0219594574438648
"396",2021-01-30,-0.047075570583089,-0.00767336862889223
"397",2021-01-31,0.00778612176109794,-0.0110751805307683
"398",2021-02-01,0.00936365435087683,0.0322260381053567
"399",2021-02-02,0.0228968006507024,0.0354696434915218
"400",2021-02-03,0.0533706522018664,0.0427880968961167
"401",2021-02-04,0.0218997454609133,-0.00636367179547237
"402",2021-02-05,0.0722382399529116,0.103089904509621
"403",2021-02-06,0.048074313983592,0.0458733553604134
"404",2021-02-07,0.0324256945200858,0.00764234273626774
"405",2021-02-08,0.0550305247161935,0.053017549626112
"406",2021-02-09,0.0650885427507255,0.0760256043473229
"407",2021-02-10,0.0665307820363956,0.087942200364598
"408",2021-02-11,0.035476686637667,0.0527007609954306
"409",2021-02-12,0.049508421557928,0.0421826038074022
"410",2021-02-13,0.0602015156896494,0.0967077256414566
"411",2021-02-14,-0.0387616428110581,-0.0433825443483129
"412",2021-02-15,-0.0497081035485447,-0.0448709355161935
"413",2021-02-16,-0.0145451160718143,-0.0115808058386055
"414",2021-02-17,0.0519560836886463,0.0602072682741577
"415",2021-02-18,0.0406407254132275,0.0284204361903102
"416",2021-02-19,0.10323852884713,0.0962782191042872
"417",2021-02-20,-0.038677966932079,-0.0308009698059953
"418",2021-02-21,0.0688493563626653,0.0529340719366982
"419",2021-02-22,-0.0800730848923661,-0.0836904631036596
"420",2021-02-23,-0.156583643444284,-0.15996953290312
"421",2021-02-24,0.0630793131305187,0.0602775451062836
"422",2021-02-25,-0.0640510398051811,-0.0500317566595887
"423",2021-02-26,0.00331012064129865,0.0104239752430091
"424",2021-02-27,0.0274222576652488,0.0311975282891814
"425",2021-02-28,-0.0589960438807634,-0.0545345092342253
"426",2021-03-01,0.0870247376724498,0.074596907918506
"427",2021-03-02,-0.0265173164039102,-0.0255728328466746
"428",2021-03-03,0.0413931355636101,0.0395593264222793
"429",2021-03-04,-0.020151716718272,-0.0220839830962793
"430",2021-03-05,-0.0168850882364474,-0.0121668976104158
"431",2021-03-06,-0.00106252664042306,-0.00460346383103427
"432",2021-03-07,0.0404509100815824,0.0390072631782856
"433",2021-03-08,0.0381115564314973,0.0316773109112549
"434",2021-03-09,0.0649889409223152,0.074873008293755
"435",2021-03-10,-0.0467165966979464,-0.0485075181403559
"436",2021-03-11,0.013679959811294,0.0179642440590524
"437",2021-03-12,-0.010322125761825,-0.00766356437856808
"438",2021-03-13,0.114277327750789,0.124878343461325
"439",2021-03-14,-0.0307828101540901,-0.0319637387255476
"440",2021-03-15,-0.0239768075045846,-0.023841267949064
"441",2021-03-16,0.0086538914933707,0.00780351826544945
"442",2021-03-17,0.0706408793671747,0.0706917286665201
"443",2021-03-18,-0.04166324220165,-0.0472934246822944
"444",2021-03-19,0.0184640693584979,0.0179941925425424
"445",2021-03-20,-0.0104087871209063,-0.0201197565719025
"446",2021-03-21,0.00289392861664362,0.00420282617535572
"447",2021-03-22,-0.0418060662371711,-0.0452045027051802
"448",2021-03-23,-0.00650082777291772,-0.00716206581076428
"449",2021-03-24,-0.0411389349168934,-0.0417704394545954
"450",2021-03-25,-0.014120542065609,-0.0179125436231481
"451",2021-03-26,0.100209987999955,0.090158664657789
"452",2021-03-27,0.00833480641319495,0.00542705367186702
"453",2021-03-28,0.0307269820239997,0.0446659082720708
"454",2021-03-29,0.0146180124410666,0.0128180670216069
"455",2021-03-30,0.0313139947846139,0.0263822229723671
"456",2021-03-31,0.0309183402415232,0.0166326279247235
"457",2021-04-01,0.0455312670965178,0.0371021056342333
"458",2021-04-02,0.0281310451688339,0.0364600968679836
"459",2021-04-03,-0.051767020290133,-0.0591247122441807
"460",2021-04-04,0.0717539065690493,0.0690320620834888
"461",2021-04-05,0.0683105393848673,0.0599503122175746
"462",2021-04-06,0.0398856480732566,0.0383162022629149
"463",2021-04-07,-0.0737882755299727,-0.0575293421124154
"464",2021-04-08,0.0927216015294812,0.0800235616545695
"465",2021-04-09,0.0538282994410564,0.0404337403781234
"466",2021-04-10,0.0486827901308775,0.0436796025433694
"467",2021-04-11,0.048120920585333,0.0455132966199201
"468",2021-04-12,0.0117808310207352,0.0134617888631476
"469",2021-04-13,0.0145495680045551,0.0146275677393866
"470",2021-04-14,0.0346311262374535,0.0256732512067535
"471",2021-04-15,0.0559775785953702,0.0666255284521762
"472",2021-04-16,0.0652007459960493,0.0594715601011597
"473",2021-04-17,-0.0449904740224673,-0.0110888530984117
"474",2021-04-18,-0.0439350860521901,-0.0586751012943248
"475",2021-04-19,-0.0161681216842937,-0.0476726741562823
"476",2021-04-20,0.00785001991117262,0.0391375774177392
"477",2021-04-21,-0.0464537473485279,-0.045532303330341
"478",2021-04-22,-0.0727561451907527,-0.0528526737266717
"479",2021-04-23,-0.0149174405051026,-0.0116754765701073
"480",2021-04-24,-0.0513798913026255,-0.0681015487482131
"481",2021-04-25,-0.0174668134701801,-0.0121428034204745
"482",2021-04-26,0.133696364171916,0.129132508938943
"483",2021-04-27,0.0383354309281749,0.0442809374305744
"484",2021-04-28,0.0326960613853768,0.0332092821191472
"485",2021-04-29,-0.0047352422895417,-0.00740794536952372
"486",2021-04-30,0.0616530159995905,0.0520554287738353
"487",2021-05-01,0.0412104915425473,0.0480902164875563
"488",2021-05-02,-0.0199412827939434,-0.0153161719114789
"489",2021-05-03,0.0702670265193546,0.0731505927964486
"490",2021-05-04,-0.0122743850015503,0.0145571614195008
"491",2021-05-05,0.146880612829241,0.17527982365547
"492",2021-05-06,0.0246070642776821,0.116755952834057
"493",2021-05-07,-0.00934150352378482,-0.0485066962980382
"494",2021-05-08,-0.00688314443941307,0.0138553047199836
"495",2021-05-09,-0.0118018349576962,-0.0146683475160735
"496",2021-05-10,-0.107054632339967,-0.0966880398313316
"497",2021-05-11,0.0833258473035914,0.0762115107462591
"498",2021-05-12,-0.186416209098187,-0.201846402798168
"499",2021-05-13,0.0650577750309604,0.0616997367220737
"500",2021-05-14,0.0688226203585236,0.0810706742512506
"501",2021-05-15,-0.0623199593795074,-0.0611906779958843
"502",2021-05-16,0.000180488907280951,-0.000255028231118781
"503",2021-05-17,-0.0810539278856942,-0.0820430504200453
"504",2021-05-18,0.0146642490983502,0.0109215429702556
"505",2021-05-19,-0.39507448153713,-0.393699342815311
"506",2021-05-20,0.182783349781253,0.192038265533401
"507",2021-05-21,-0.14772553504159,-0.15133263481065
"508",2021-05-22,-0.0667318532772773,-0.0746083434485172
"509",2021-05-23,-0.128171624751347,-0.12951476031542
"510",2021-05-24,0.212123858762294,0.242377951687638
"511",2021-05-25,-0.00845944281345923,0.0138008521474202
"512",2021-05-26,0.0816937830018338,0.0813971964339757
"513",2021-05-27,-0.0557572945593733,-0.0635051131667311
"514",2021-05-28,-0.0852043834064434,-0.0834553599318426
"515",2021-05-29,-0.0580695414360289,-0.0646907620488932
"516",2021-05-30,0.0417784536728685,0.0477915969764495
"517",2021-05-31,0.0847196387293234,0.0785878297582818
"518",2021-06-01,0.00322212626714746,-0.0152607512472275
"519",2021-06-02,0.0570443107146779,0.0380386938776016
"520",2021-06-03,0.036927763723821,0.0396466797413038
"521",2021-06-04,-0.0768232298746838,-0.0781145771473359
"522",2021-06-05,-0.0203633025499045,-0.0221899193729167
"523",2021-06-06,0.0138646033700744,0.0148134144335306
"524",2021-06-07,-0.0957830586171021,-0.0948836184172968
"525",2021-06-08,-0.00510993350112532,-0.00616422240048575
"526",2021-06-09,0.0481891476720293,0.0539519010364855
"527",2021-06-10,-0.0557686220462535,-0.0590920313924184
"528",2021-06-11,-0.0298391338128555,-0.0303564402604658
"529",2021-06-12,-0.00862878418218505,-0.00994006801942882
"530",2021-06-13,0.0566633842881219,0.0592775735527735
"531",2021-06-14,0.012947763702005,0.00932385823459958
"532",2021-06-15,0.0117958214954932,0.0131843639435159
"533",2021-06-16,-0.0592546426784114,-0.0602900677586251
"534",2021-06-17,0.00972720686231465,0.00903745468744566
"535",2021-06-18,-0.0585705133988114,-0.0577937481367921
"536",2021-06-19,-0.0196719681663683,-0.0207732889646888
"537",2021-06-20,0.00458123654510501,0.00774960732523744
"538",2021-06-21,-0.269642667601751,-0.248999794020352
"539",2021-06-22,-0.0206058795263677,-0.0374488326016745
"540",2021-06-23,0.104750010871548,0.0955343467182963
"541",2021-06-24,0.06168255810449,0.0601296392506097
"542",2021-06-25,-0.0865206699697367,-0.0854943090551804
"543",2021-06-26,0.0114749652315609,0.0103306835180061
"544",2021-06-27,0.0578292275675776,0.0536770793226431
"545",2021-06-28,0.00495038205179754,0.0114274233272706
"546",2021-06-29,0.064583048625074,0.10239511856086
"547",2021-06-30,0.00894150587354203,0.0180035309033695
"548",2021-07-01,-0.0515817457646451,-0.0568449288407253
"549",2021-07-02,0.00660945072064711,0.00907232362251253
"550",2021-07-03,0.0228011109755133,0.0298631383350099
"551",2021-07-04,0.0233561944573912,0.0189909866032678
"552",2021-07-05,-0.0222583022391438,-0.0303590197953453
"553",2021-07-06,0.084457836761171,0.0652098752588486
"554",2021-07-07,-0.011315031472374,-0.0079466644108559
"555",2021-07-08,-0.0625266723556981,-0.0638903466240887
"556",2021-07-09,0.0265879450565907,0.0230580247358299
"557",2021-07-10,-0.00527403996045095,-0.00481911139976654
"558",2021-07-11,0.0220075577401295,0.0169850429679101
"559",2021-07-12,-0.04504870020423,-0.0426674029662325
"560",2021-07-13,-0.0500349920749932,-0.0479314876649721
"561",2021-07-14,0.0158056039862062,0.0147921369347437
"562",2021-07-15,-0.0487619725342071,-0.0479185360582773
"563",2021-07-16,-0.0511112784469673,-0.0491543788565156
"564",2021-07-17,0.014082484041865,0.00700853847855876
"565",2021-07-18,0.00736061247763886,0.00960628721752332
"566",2021-07-19,-0.0649667241980986,-0.0546614681837098
"567",2021-07-20,-0.054959991338747,-0.0561374069161275
"568",2021-07-21,0.0977613608292507,0.094923272517687
"569",2021-07-22,0.0222461446883584,0.0203271712937343
"570",2021-07-23,0.0324196082025319,0.0387758621492353
"571",2021-07-24,0.0263649750707855,0.0376316538033399
"572",2021-07-25,-0.00450526748240609,-0.00733177994725176
"573",2021-07-26,0.0108151810760537,0.00735726522552449
"574",2021-07-27,0.0172387923753079,0.017503578398353
"575",2021-07-28,0.00615493440527448,0.00276464284894584
"576",2021-07-29,0.0125327257608761,0.0107039631822738
"577",2021-07-30,0.0307277573355611,0.0304204451036938
"578",2021-07-31,0.00946716827667426,0.00919071004942906
"579",2021-08-01,-0.0169476282005157,-0.0160479451112636
"580",2021-08-02,0.0033921550074778,0.00559904001612277
"581",2021-08-03,-0.00525950864845615,-0.00714413814815229
"582",2021-08-04,0.0298276452890758,0.0321576977792255
"583",2021-08-05,0.00942241888439455,0.0114878993521681
"584",2021-08-06,0.0198446329328699,0.0167499705110596
"585",2021-08-07,0.0782494636752062,0.0769983111576904
"586",2021-08-08,-0.0550673071311746,-0.0527072763003377
"587",2021-08-09,0.0466634855952783,0.0424693462391001
"588",2021-08-10,0.0339439583148633,0.0365639032427416
"589",2021-08-11,0.0436612896109116,0.0417379047346043
"590",2021-08-12,-0.0178778486018132,-0.0145232508511737
"591",2021-08-13,0.0844596869650098,0.0870581165777558
"592",2021-08-14,0.0239583921020161,0.0260586258001165
"593",2021-08-15,0.0329916976476019,0.0391416611453308
"594",2021-08-16,-0.0390738115649992,-0.0447727060526959
"595",2021-08-17,-0.0647286325010972,-0.0715954402968316
"596",2021-08-18,0.013583643289572,0.0202405593543777
"597",2021-08-19,0.0614728879633721,0.0671674778847615
"598",2021-08-20,0.042865169062142,0.0396822210479932
"599",2021-08-21,-0.0152763097537141,-0.0156288931997203
"600",2021-08-22,0.0241631821234973,0.0302779447145958
"601",2021-08-23,0.0459674562378369,0.0451135216630736
"602",2021-08-24,-0.0748523217024786,-0.0740255357169129
"603",2021-08-25,0.0371800018935351,0.0326401024355918
"604",2021-08-26,-0.0703861112077553,-0.0694016607357464
"605",2021-08-27,0.0737915420938846,0.0792556136863507
"606",2021-08-28,-0.0119951029331469,-0.0109856119743404
"607",2021-08-29,0.000879685928700802,0.00238893818671682
"608",2021-08-30,-0.032788527714552,-0.0349926317751936
"609",2021-08-31,0.0243677545327927,0.0230822885360478
"610",2021-09-01,0.0559049506551605,0.0565268226806046
"611",2021-09-02,0.000654187653509331,7.08811158189881e-05
"612",2021-09-03,0.0207919995958783,0.0225611079127086
"613",2021-09-04,-0.00159265023239752,-0.00927195552321969
"614",2021-09-05,0.0404602480870784,0.04096306499066
"615",2021-09-06,-0.00443660637390275,-0.00820724651732541
"616",2021-09-07,-0.179466831054015,-0.179804491825973
"617",2021-09-08,-0.000984741926324584,-0.00365950479339028
"618",2021-09-09,0.0103237532510154,0.0132342928449687
"619",2021-09-10,-0.0543109159074426,-0.0530879764299953
"620",2021-09-11,0.0345347252916322,0.0383988490753588
"621",2021-09-12,0.02198509900935,0.0154275595954914
"622",2021-09-13,-0.0451394061425296,-0.0462938401402514
"623",2021-09-14,0.0311101014148913,0.0256696825105338
"624",2021-09-15,0.0318913464990644,0.0335692670289922
"625",2021-09-16,-0.0227382041653121,-0.0227380203998837
"626",2021-09-17,-0.0339083205351769,-0.033142481661135
"627",2021-09-18,0.0120597884852141,0.0122012936392624
"628",2021-09-19,-0.0295759195673037,-0.0318776459371116
"629",2021-09-20,-0.131536751564264,-0.128201483284948
"630",2021-09-21,-0.0510165888252487,-0.0538126649063496
"631",2021-09-22,0.114067710932977,0.117835187572961
"632",2021-09-23,0.0196050378114299,0.018303684129114
"633",2021-09-24,-0.0587994493994848,-0.0566768685680759
"634",2021-09-25,-0.00703486661955954,-0.00506280474901333
"635",2021-09-26,-0.0098860787925763,-0.0111888001278744
"636",2021-09-27,-0.0331196109798116,-0.0362635276219322
"637",2021-09-28,-0.0347697757072696,-0.0329306636014759
"638",2021-09-29,0.0309348183876974,0.0274880695913564
"639",2021-09-30,0.0347944752475895,0.0337498598046708
"640",2021-10-01,0.0841627687432593,0.0833770806670795
"641",2021-10-02,0.00375078849872557,0.00792290183522848
"642",2021-10-03,0.00955860051586299,0.00880741491711179
"643",2021-10-04,-0.00624287319174821,-0.0150554894308409
"644",2021-10-05,0.035193673490481,0.0329685613361448
"645",2021-10-06,0.00888535722962858,0.00563214550273616
"646",2021-10-07,-0.00531301486262392,0.00026629641382292
"647",2021-10-08,-0.000635302462351661,-0.00534884633985766
"648",2021-10-09,0.0234570692272325,0.024626724597868
"649",2021-10-10,-0.0496862792121718,-0.0477997164415785
"650",2021-10-11,0.0119466025317037,0.00913617855099047
"651",2021-10-12,-0.00930184568811843,-0.0100726245561595
"652",2021-10-13,0.0329524319307664,0.0295845671867876
"653",2021-10-14,0.00806106163396381,0.00815583872720294
"654",2021-10-15,0.008821553047069,0.00725411628400163
"655",2021-10-16,0.00578683671149638,0.00183410211734003
"656",2021-10-17,-0.00586346148284522,-0.00809659416072805
"657",2021-10-18,-0.00421501753129316,-0.00755021765149866
"658",2021-10-19,0.0190636066357739,0.0150089952836026
"659",2021-10-20,0.0435969719588456,0.043658454010195
"660",2021-10-21,-0.0356594234744059,-0.0267079435593049
"661",2021-10-22,0.00568035616346685,0.00237886248574726
"662",2021-10-23,0.0264898822247495,0.0239964300361417
"663",2021-10-24,-0.00303968052362524,-0.0109881495666483
"664",2021-10-25,0.027421561704553,0.0228684274861437
"665",2021-10-26,-0.0229739837368493,-0.0190048433268264
"666",2021-10-27,-0.0844356766575912,-0.0900019703066731
"667",2021-10-28,0.0928202818036363,0.0811876330475352
"668",2021-10-29,0.0595538546164132,0.0653043984283508
"669",2021-10-30,0.0705169916228185,0.0908925119041706
"670",2021-10-31,-0.0246063553517342,-0.0311840774103471
"671",2021-11-01,0.011121776301305,0.011575454764478
"672",2021-11-02,0.0238352177191252,0.0213870617994019
"673",2021-11-03,-0.00270825371572336,-0.00251677827080965
"674",2021-11-04,-0.0430234370254583,-0.0464335769104995
"675",2021-11-05,0.0146634255991978,0.013361462173521
"676",2021-11-06,0.0125842309893913,0.0141853306680617
"677",2021-11-07,0.0244857191901346,0.0203326783974853
"678",2021-11-08,0.0468014119900881,0.038894276127748
"679",2021-11-09,0.00375810839204571,0.0198954709892858
"680",2021-11-10,-0.0441561898536579,-0.0499640788208331
"681",2021-11-11,0.0252615058450749,0.0235376516702617
"682",2021-11-12,0.00859205391044671,0.0129720958352684
"683",2021-11-13,0.0157016110833541,0.0121590290377034
"684",2021-11-14,0.00658916838692991,0.0032579893660003
"685",2021-11-15,0.00257878848560833,-0.00155939935484051
"686",2021-11-16,-0.0853836138518146,-0.0790205205559606
"687",2021-11-17,0.0165513721360666,0.0129303043238513
"688",2021-11-18,-0.046282537919917,-0.0355139572409524
"689",2021-11-19,0.072786000599248,0.0729390045123122
"690",2021-11-20,0.0170500033161787,0.0111906320177684
"691",2021-11-21,-0.0379811044427288,-0.0344980929879971
"692",2021-11-22,-0.0219316428387719,-0.0166381216731434
"693",2021-11-23,0.0232732617931297,0.0170154642749469
"694",2021-11-24,0.00398284977785401,0.00709537906030566
"695",2021-11-25,0.0534685170378586,0.0609415035201919
"696",2021-11-26,-0.0835596135222014,-0.0870998517690758
"697",2021-11-27,0.0154923232038109,0.0130664403781278
"698",2021-11-28,0.0332628036289462,0.0353174042894104
"699",2021-11-29,0.0126152116690346,0.00634928604002205
"700",2021-11-30,-0.0043440316855522,-0.0122282106355082
"701",2021-12-01,0.00195827361358547,-0.000206084220162328
"702",2021-12-02,-0.0200569711661357,-0.0128898315335129
"703",2021-12-03,-0.0659256697538207,-0.0711188519838261
"704",2021-12-04,-0.0587752662230777,-0.0592818618841464
"705",2021-12-05,-0.0405008391381212,-0.0416602661910317
"706",2021-12-06,0.0253529294317889,0.0246839891624502
"707",2021-12-07,-0.00438157496520986,-0.00442020309669966
"708",2021-12-08,0.0199235381101337,0.0180256301262443
"709",2021-12-09,-0.0759298960415301,-0.0796163094775517
"710",2021-12-10,-0.0465745035872962,-0.0474547290434773
"711",2021-12-11,0.050782253209835,0.0553129666805856
"712",2021-12-12,0.0149673401584807,0.0144027133919218
"713",2021-12-13,-0.0995243688116988,-0.104102694818791
"714",2021-12-14,0.00731124683593509,-0.00290528913353894
"715",2021-12-15,0.067999044379712,0.0702503583655572
"716",2021-12-16,-0.0313242540254735,-0.0339027656422456
"717",2021-12-17,-0.020782532913485,-0.0205754058731609
"718",2021-12-18,0.0316149080749124,0.0356922053527311
"719",2021-12-19,-0.0170761179722859,-0.0173727211135668
"720",2021-12-20,-0.00829818752987843,-0.0096041437746639
"721",2021-12-21,0.028786904889297,0.0277526867647133
"722",2021-12-22,0.002093117951109,0.00565648900194748
"723",2021-12-23,0.0669402434173711,0.069065453315788
"724",2021-12-24,-0.0256111055831869,-0.0268916790186117
"725",2021-12-25,0.0232990038359984,0.0275574657085684
"726",2021-12-26,0.00581963412839404,0.00651906430159932
"727",2021-12-27,0.00164075624478954,0.000793284436224839
"728",2021-12-28,-0.0766020191500325,-0.0789901654557993
"729",2021-12-29,-0.0360354566044538,-0.0348360574998715
"730",2021-12-30,0.0181175053776557,0.0178189740196177
"731",2021-12-31,-0.00767732577647495,-0.0112871705117755
"732",2022-01-01,0.0339993200788045,0.0356803013494651
"733",2022-01-02,0.0117904569088088,0.00978987938169906
"734",2022-01-03,-0.0155432578008661,-0.0176497890390647
"735",2022-01-04,-0.00972277900329876,-0.0115114934986966
"736",2022-01-05,-0.0570354102986751,-0.0573440537024604
"737",2022-01-06,0.00343459827545578,-0.000168300425986811
"738",2022-01-07,-0.0410017423065586,-0.0394100275459003
"739",2022-01-08,-0.0220107296700583,-0.0235696556242579
"740",2022-01-09,0.0164944291637956,0.0174789102999198
"741",2022-01-10,-0.0311019813407988,-0.0302813931964114
"742",2022-01-11,0.0306322059333712,0.0327180783699035
"743",2022-01-12,0.0452716273465137,0.0436354970613311
"744",2022-01-13,-0.0289517260767587,-0.0238826671847301
"745",2022-01-14,0.0272755814992938,0.0272339555144367
"746",2022-01-15,0.00512553804620874,0.00392099961685366
"747",2022-01-16,0.00565846861084141,0.0062195915449641
"748",2022-01-17,-0.020268446920416,-0.0213751097899643
"749",2022-01-18,-0.022834967446125,-0.0220631973390625
"750",2022-01-19,-0.0317056986682737,-0.0312544896213121
"751",2022-01-20,-0.0472498341906916,-0.0494010165069427
"752",2022-01-21,-0.131978010839261,-0.130974186838621
"753",2022-01-22,-0.0809051627772969,-0.0794529267321916
"754",2022-01-23,0.0408220026397965,0.0413215119706518
"755",2022-01-24,-0.0348607896200362,-0.0363684996593122
"756",2022-01-25,0.0018851315040016,0.00131810175890368
"757",2022-01-26,0.0147700634922674,0.00885384206151674
"758",2022-01-27,-0.00796488306708798,-0.00453180393326236
"759",2022-01-28,0.0251160612393553,0.0237885465381769
"760",2022-01-29,0.0173562588498126,0.0174949924350736
"761",2022-01-30,-0.0117489543330291,-0.0139867686406463
"762",2022-01-31,0.0177558116413501,0.0123750205415121
"763",2022-02-01,0.0116624745009386,0.0157208306122409
"764",2022-02-02,-0.0400429234053505,-0.0380258758458809
"765",2022-02-03,0.0154641529295207,0.0163009334786102
"766",2022-02-04,0.0788795567886875,0.0802436212239164
"767",2022-02-05,0.020568416017027,0.021973917132885
"768",2022-02-06,0.0305090664984209,0.0276222141681053
"769",2022-02-07,0.0554029246119678,0.0532079679187858
"770",2022-02-08,-0.00655649362015376,-0.0115539504770386
"771",2022-02-09,0.0141504159755121,0.0168251513244635
"772",2022-02-10,-0.0328318810632906,-0.0278271870072433
"773",2022-02-11,-0.0658464856838036,-0.0627984300480271
"774",2022-02-12,0.00192022745210307,0.00205597067839292
"775",2022-02-13,-0.00182629140780544,-0.000845228482180271
"776",2022-02-14,-0.000323166965988886,0.000774244106042321
"777",2022-02-15,0.0619670564345205,0.05936404649176
"778",2022-02-16,-0.0100720944656493,-0.0118225231040424
"779",2022-02-17,-0.0803318382999306,-0.0807029450498874
"780",2022-02-18,-0.00906211397876544,-0.0109371254071081
"781",2022-02-19,0.00419019735296122,0.00417110228262829
"782",2022-02-20,-0.0453842443711844,-0.0451906145649907
"783",2022-02-21,-0.0659737349615773,-0.0648436788027594
"784",2022-02-22,0.0377985179872353,0.0383491854838476
"785",2022-02-23,-0.0214372290202202,-0.0215286203645133
"786",2022-02-24,-0.00125330317554784,-0.000165650393744499
"787",2022-02-25,0.0464328721280709,0.0437105536797919
"788",2022-02-26,0.0113195904949588,0.0109707088115036
"789",2022-02-27,-0.0421113279475989,-0.0424045150400485
"790",2022-02-28,0.111247346237655,0.108838662111515
"791",2022-03-01,0.00999758779917803,0.0114449561131764
"792",2022-03-02,-0.00883694769657373,-0.00673088629795038
"793",2022-03-03,-0.018123796989799,-0.0159608356233777
"794",2022-03-04,-0.0674804719671973,-0.0716757372131379
"795",2022-03-05,0.0161306067300167,0.017952207211237
"796",2022-03-06,-0.0340512139269137,-0.0363653602450701
"797",2022-03-07,0.00343647316430218,0.000348189789851183
"798",2022-03-08,0.0368540614899977,0.0502358110713348
"799",2022-03-09,0.0594365237353356,0.0461293267868808
"800",2022-03-10,-0.0364600233710587,-0.034042128647861
"801",2022-03-11,-0.0109898086178446,-0.011627567196499
"802",2022-03-12,0.00750088704440444,0.00828017911467094
"803",2022-03-13,-0.0223118804222917,-0.0227616193321714
"804",2022-03-14,0.0188727445419108,0.0198271339367269
"805",2022-03-15,-0.0021052191369707,-0.00596628556600565
"806",2022-03-16,0.0451969272167927,0.0470435947808112
"807",2022-03-17,-0.00520476119210922,-0.00380203224972175
"808",2022-03-18,0.0403819678594732,0.0394506575089999
"809",2022-03-19,0.0309944950818637,0.0348934595622863
"810",2022-03-20,-0.0121993931404329,-0.0088910708144968
"811",2022-03-21,0.0167636994898448,0.0172525021958911
"812",2022-03-22,0.0344910657150432,0.0387453146483996
"813",2022-03-23,0.0143828019082346,0.0130411218564161
"814",2022-03-24,0.0239394748449029,0.0266195413140142
"815",2022-03-25,-0.01341882965971,-0.0113341258842946
"816",2022-03-26,0.0185627939637423,0.0170877468370763
"817",2022-03-27,0.0393596128745726,0.0376808883345419
"818",2022-03-28,0.0240273983089552,0.0096359653431608
"819",2022-03-29,0.0393571395621766,0.0329762036210932
"820",2022-03-30,0.00599746902991161,0.00609814836992406
"821",2022-03-31,-0.0250035400647036,-0.0291047324278431
"822",2022-04-01,0.0100142491026118,0.014222461411812
"823",2022-04-02,-0.023714788390828,-0.0231998307523594
"824",2022-04-03,0.0152501950428301,0.0173834339088437
"825",2022-04-04,-0.0452829449698648,-0.031633381412561
"826",2022-04-05,-0.0296398731593511,-0.0299744358059734
"827",2022-04-06,-0.088867430959368,-0.0836312843062993
"828",2022-04-07,0.039490260391738,0.043678602101024
"829",2022-04-08,-0.0511879636905637,-0.048168910837205
"830",2022-04-09,0.0184466995005499,0.0233714690144862
"831",2022-04-10,-0.0203033507789856,-0.0221565805858372
"832",2022-04-11,-0.0788337513243256,-0.078815783409291
"833",2022-04-12,0.0216110050593517,0.0260367901446286
"834",2022-04-13,0.0248087492622633,0.0268727535494222
"835",2022-04-14,-0.024334689023547,-0.0271637517618259
"836",2022-04-15,0.0263794535072004,0.0238166605654115
"837",2022-04-16,0.00865614327390807,0.00740126070199643
"838",2022-04-17,-0.0371534159951769,-0.0334256439950604
"839",2022-04-18,0.0295980576135102,0.0355722610382465
"840",2022-04-19,0.0182591630822151,0.0140614890218147
"841",2022-04-20,-0.0114301835623932,-0.00867958669461888
"842",2022-04-21,-0.0191490184975196,-0.014750684081508
"843",2022-04-22,-0.0113371712971272,-0.0116075129266578
"844",2022-04-23,-0.0148737368476781,-0.0145050805417872
"845",2022-04-24,-0.0151507451232932,-0.0144146841451597
"846",2022-04-25,0.0158151234640882,0.012479468604832
"847",2022-04-26,-0.081710442469874,-0.0802118823607456
"848",2022-04-27,0.0224436595472917,0.0210577706594217
"849",2022-04-28,0.00253488679059743,0.00524424438473714
"850",2022-04-29,-0.0463269273123987,-0.0473982580863209
"851",2022-04-30,-0.0694872671322171,-0.0656290889246015
"852",2022-05-01,0.0429808217112448,0.0417090131867957
"853",2022-05-02,-0.0116940310534847,-0.0124352946315553
"854",2022-05-03,-0.0101703071281942,-0.0086502978555334
"855",2022-05-04,0.0926038711216557,0.0912090807121042
"856",2022-05-05,-0.0895572750171126,-0.0873776292214434
"857",2022-05-06,0.00872184987624314,0.0103152050625812
"858",2022-05-07,-0.0355275830092681,-0.038715205180742
"859",2022-05-08,-0.0138760377268434,-0.00929738480805653
"860",2022-05-09,-0.157456607929703,-0.16371750110226
"861",2022-05-10,0.0214333058148959,0.021286517929431
"862",2022-05-11,-0.182440898053981,-0.169790625861722
"863",2022-05-12,-0.0439840937123086,-0.035856541443177
"864",2022-05-13,0.0749420236184646,0.071322994127851
"865",2022-05-14,0.0346487766951102,0.0356602139679549
"866",2022-05-15,0.0473125917883548,0.0494321897131391
"867",2022-05-16,-0.0646474017660912,-0.062979536430085
"868",2022-05-17,0.0484164917597187,0.0494231117755466
"869",2022-05-18,-0.084748035968521,-0.0853805223839921
"870",2022-05-19,0.0500081745723224,0.0523299229083554
"871",2022-05-20,-0.0212780259851337,-0.0163120662037763
"872",2022-05-21,0.0159849262399665,0.0156246233831461
"873",2022-05-22,0.0363482639251016,0.0367346056307911
"874",2022-05-23,-0.033878582264624,-0.0292499231084178
"875",2022-05-24,0.0261873793718896,0.0312262127028087
"876",2022-05-25,-0.00351118244777515,-0.00244352419679417
"877",2022-05-26,-0.0559017740884722,-0.0588970496665572
"878",2022-05-27,-0.027886212408077,-0.0271454625726721
"879",2022-05-28,0.0156011711352022,0.014346798504147
"880",2022-05-29,0.0255525484449364,0.0247697516238889
"881",2022-05-30,0.0800208756380947,0.0752241562228617
"882",2022-05-31,0.00600072393336082,-0.000735698869676948
"883",2022-06-01,-0.0585282271827444,-0.0558668004792023
"884",2022-06-02,0.025049123170696,0.0227909677294338
"885",2022-06-03,-0.0277225596895697,-0.0290545798905323
"886",2022-06-04,-0.000140730210421269,0.00106456776528585
"887",2022-06-05,-0.00734585271724508,-0.00666392982435937
"888",2022-06-06,0.0231053256829565,0.0204995086316213
"889",2022-06-07,-0.0109674302213244,-0.0111586687057522
"890",2022-06-08,-0.0132315221487199,-0.0119873553269872
"891",2022-06-09,-0.000487255416736887,-0.000714511847003663
"892",2022-06-10,-0.054515627083266,-0.0518275469192118
"893",2022-06-11,-0.0633756031360615,-0.0635542430491332
"894",2022-06-12,-0.0542185576372186,-0.0513077471546747
"895",2022-06-13,-0.147726434778868,-0.151637795333526
"896",2022-06-14,-0.00397724664881904,-0.0116776631835669
"897",2022-06-15,0.0583465180098328,0.0541700069942808
"898",2022-06-16,-0.111316286605081,-0.112489870619297
"899",2022-06-17,0.0316792557167136,0.0351549410309675
"900",2022-06-18,-0.0569233411814845,-0.0586846875721679
"901",2022-06-19,0.07955621122844,0.0809918047350333
"902",2022-06-20,0.0017791156696203,0.00479112152552319
"903",2022-06-21,0.0255833422832623,0.018501940907129
"904",2022-06-22,-0.0414027573964005,-0.0406553630397515
"905",2022-06-23,0.0470275748292133,0.0503491308439084
"906",2022-06-24,0.0385320773263029,0.0373274270506729
"907",2022-06-25,0.00541978901849749,0.00373981551049796
"908",2022-06-26,-0.0251034604403191,-0.0254230116341898
"909",2022-06-27,-0.0071579311096277,-0.00815358373457531
"910",2022-06-28,-0.0445342063941097,-0.0415679654917555
"911",2022-06-29,-0.0125081965657308,-0.0147943550879108
"912",2022-06-30,-0.0142103382309572,-0.0149065322545063
"913",2022-07-01,-0.0234110010990538,-0.0193165398453583
"914",2022-07-02,0.0063174893386746,0.00798495667001653
"915",2022-07-03,0.00373892766602069,0.00432583330660341
"916",2022-07-04,0.0420444038071279,0.0438400302637825
"917",2022-07-05,-0.0169425186169483,-0.0150002612805162
"918",2022-07-06,0.0169499251197607,0.0180588818866509
"919",2022-07-07,0.0311566995388626,0.0304829957386528
"920",2022-07-08,-0.0104708428326686,-0.0111850764053089
"921",2022-07-09,0.0145873615274508,0.0147481934551335
"922",2022-07-10,-0.0361453565879805,-0.0332335487912332
"923",2022-07-11,-0.0527241646034652,-0.0496677732758225
"924",2022-07-12,-0.0234286117943929,-0.0248680012538753
"925",2022-07-13,0.0369863122214273,0.0366445077844995
"926",2022-07-14,0.026065045569835,0.0296669872819704
"927",2022-07-15,0.0118908408092557,0.0132471718295282
"928",2022-07-16,0.0390342094838658,0.042357979978249
"929",2022-07-17,-0.0111701117994837,-0.00832414745783905
"930",2022-07-18,0.0901143297680713,0.0945558928102583
"931",2022-07-19,0.0183660936904984,0.013813888882223
"932",2022-07-20,-0.0323489885746475,-0.0325487192844771
"933",2022-07-21,0.017049575132833,0.0206403307180856
"934",2022-07-22,-0.0149176913245164,-0.0152275696889322
"935",2022-07-23,0.00142000236648676,-0.000364370506574785
"936",2022-07-24,0.0125073601846919,0.0143103988031377
"937",2022-07-25,-0.0716625298630978,-0.0712230618088071
"938",2022-07-26,0.011983167018401,0.016513304692273
"939",2022-07-27,0.0929811173691986,0.099269961968165
"940",2022-07-28,0.0557211924058503,0.0595941604787786
"941",2022-07-29,0.00105004293221933,0.00533796279513754
"942",2022-07-30,-0.00100066583280978,-0.008489542381235
"943",2022-07-31,-0.0127075262292012,-0.0161087297333259
"944",2022-08-01,-0.00669245733115142,-0.00645730943480538
"945",2022-08-02,-0.0195266511146006,-0.0145500736875686
"946",2022-08-03,-0.00115103998633492,0.00303234712377032
"947",2022-08-04,0.00861458454120556,0.0104550849270164
"948",2022-08-05,0.0421418629201842,0.0412368221101331
"949",2022-08-06,-0.00600273139428786,-0.00650408580395845
"950",2022-08-07,0.00979261298122092,0.0124314515858968
"951",2022-08-08,0.0221123873684135,0.0210462025247069
"952",2022-08-09,-0.0331680712130775,-0.0300654645530936
"953",2022-08-10,0.0387033688539791,0.0373580181116642
"954",2022-08-11,0.00430692912336106,0.00486472696929852
"955",2022-08-12,0.0161602967363741,0.016325298893348
"956",2022-08-13,-0.000513110751317436,-0.00137270304608605
"957",2022-08-14,-0.00900730219040291,-0.0148809368669705
"958",2022-08-15,-0.0135263871007065,-0.0096049725174735
"959",2022-08-16,0.00406941866210642,1.01277987740733e-05
"960",2022-08-17,-0.0180602088955022,-0.016463420522516
"961",2022-08-18,-0.0274320894491967,-0.0273355120844396
"962",2022-08-19,-0.10854054922357,-0.1092690112986
"963",2022-08-20,0.0133669419354558,0.0143812935344765
"964",2022-08-21,0.0289386400576175,0.0329909689592596
"965",2022-08-22,0.00767827509985297,0.00723418540995135
"966",2022-08-23,0.010795799374401,0.00989015887684741
"967",2022-08-24,-0.00721793675053262,-0.00617302851860702
"968",2022-08-25,0.0128397757437138,0.0149743548621624
"969",2022-08-26,-0.0815522892173876,-0.0828455461542684
"970",2022-08-27,0.00132841049744647,0.000415731460416513
"971",2022-08-28,-0.0298664198678616,-0.0265001007045167
"972",2022-08-29,0.046383022616453,0.0473440589261132
"973",2022-08-30,-0.0260936370380705,-0.0258377727701696
"974",2022-08-31,0.000771092379021621,-0.000206843420172076
"975",2022-09-01,0.0175853836518431,0.0157599993177679
"976",2022-09-02,0.00140938822955317,0.000814350845519396
"977",2022-09-03,0.00499748211257978,0.00435149875098784
"978",2022-09-04,0.010072254107339,0.00951654487710885
"979",2022-09-05,0.0223316034346086,0.0279871227960653
"980",2022-09-06,-0.0731319815676782,-0.0761879789838922
"981",2022-09-07,0.0469739392288551,0.0485805485878534
"982",2022-09-08,0.00613651785296443,0.00733232177209309
"983",2022-09-09,0.0537887989831414,0.0526288795169394
"984",2022-09-10,0.0131533018423506,0.01106136878727
"985",2022-09-11,-0.00880413001653979,-0.00857929859300466
"986",2022-09-12,-0.00478653987002198,-0.00429776172496121
"987",2022-09-13,-0.0725204142591498,-0.0721060478023582
"988",2022-09-14,0.0231204963664087,0.0256921817505178
"989",2022-09-15,-0.0438082167020173,-0.0449538109785534
"990",2022-09-16,0.00831012185357904,0.00443766873272877
"991",2022-09-17,0.0244544054360574,0.0211230234210424
"992",2022-09-18,-0.0753073486266335,-0.0758972554766387
"993",2022-09-19,0.0179507517748272,0.0164481005930643
"994",2022-09-20,-0.00880990605030185,-0.0123504715478433
"995",2022-09-21,-0.0313602445278068,-0.0294493148681385
"996",2022-09-22,0.0548013942283871,0.0501603823999652
"997",2022-09-23,0.0100989249869692,0.00662989116737167
"998",2022-09-24,-0.0137583675998389,-0.0111888708706601
"999",2022-09-25,-0.00681027816347424,-0.00646016755368983
"1000",2022-09-26,0.00521848693464322,0.00896671285590589
"1001",2022-09-27,-0.0119424114365185,-0.0115026729565643
"1002",2022-09-28,0.00175983778011068,0.00405855427002688
"1003",2022-09-29,0.0188581292157188,0.0160287077776136
"1004",2022-09-30,-0.0072338712811838,-0.00623683001194364
"1005",2022-10-01,-0.00698303716882975,-0.00923911911624553
"1006",2022-10-02,-0.0211303208553686,-0.0182694783328298
"1007",2022-10-03,0.0211324687369512,0.0210373773038588
"1008",2022-10-04,0.0266761199320655,0.0261767190538722
"1009",2022-10-05,-0.0032173080530179,-0.00372511592216818
"1010",2022-10-06,-0.00702510685153801,-0.00767400164086629
"1011",2022-10-07,-0.00462348136669577,-0.00762565819553684
"1012",2022-10-08,-0.00640175368206997,-0.00825678012217201
"1013",2022-10-09,0.00811310308317603,0.00622179133915068
"1014",2022-10-10,-0.0389744376975757,-0.0379393923658862
"1015",2022-10-11,-0.0141740569957022,-0.0118225656570681
"1016",2022-10-12,0.00356132926130881,0.00285502992102504
"1017",2022-10-13,-0.0112364154633209,-0.0113963043803202
"1018",2022-10-14,0.0024137010617209,0.000509749865424292
"1019",2022-10-15,-0.00631447338691349,-0.00690356105543577
"1020",2022-10-16,0.0120503461829851,0.0139908215676459
"1021",2022-10-17,0.0122050055222764,0.0124241176214699
"1022",2022-10-18,-0.0129578465174504,-0.0106601313347384
"1023",2022-10-19,-0.0221400473432558,-0.0202952978318465
"1024",2022-10-20,-0.0043143049071791,-0.00652902548549694
"1025",2022-10-21,0.00773780411687208,0.00660139221979716
"1026",2022-10-22,0.00915843973927588,0.0101727888541876
"1027",2022-10-23,0.0146559944621727,0.015364570413573
"1028",2022-10-24,-0.0173788621220524,-0.0162624345943234
"1029",2022-10-25,0.0380708093682172,0.0384134090371211
"1030",2022-10-26,0.0273465534667787,0.0242568429019132
"1031",2022-10-27,-0.0149584527796446,-0.0170473652825792
"1032",2022-10-28,0.0215092576974405,0.0214273136086363
"1033",2022-10-29,0.0403922717331402,0.0273925913168322
"1034",2022-10-30,-0.0149533218142649,-0.010552891959504
"1035",2022-10-31,0.0101971821280256,0.00976206214934106
